[{"model": "dashboard.userdashboardmodule", "pk": 1, "fields": {"title": "Enlaces Rápidos", "module": "jet.dashboard.modules.LinkList", "app_label": null, "user": 1, "column": 0, "order": 0, "settings": "{\"draggable\": false, \"deletable\": false, \"collapsible\": false, \"layout\": \"inline\"}", "children": "[{\"title\": \"Volver al sitio\", \"url\": \"/\"}, {\"title\": \"Cambiar contrase\\u00f1a\", \"url\": \"/admin/password_change/\"}, {\"title\": \"Cerrar sesi\\u00f3n\", \"url\": \"/admin/logout/\"}]", "collapsed": false}}, {"model": "dashboard.userdashboardmodule", "pk": 2, "fields": {"title": "Aplicaciones", "module": "jet.dashboard.modules.AppList", "app_label": null, "user": 1, "column": 1, "order": 0, "settings": "{\"models\": null, \"exclude\": [\"auth.*\"]}", "children": "", "collapsed": false}}, {"model": "dashboard.userdashboardmodule", "pk": 3, "fields": {"title": "Administración", "module": "jet.dashboard.modules.AppList", "app_label": null, "user": 1, "column": 2, "order": 0, "settings": "{\"models\": [\"auth.*\"], \"exclude\": null}", "children": "", "collapsed": false}}, {"model": "dashboard.userdashboardmodule", "pk": 4, "fields": {"title": "Acciones recientes", "module": "jet.dashboard.modules.RecentActions", "app_label": null, "user": 1, "column": 0, "order": 1, "settings": "{\"limit\": 10, \"include_list\": null, \"exclude_list\": null, \"user\": null}", "children": "", "collapsed": false}}, {"model": "dashboard.userdashboardmodule", "pk": 5, "fields": {"title": "Últimas Noticias de Django", "module": "jet.dashboard.modules.Feed", "app_label": null, "user": 1, "column": 1, "order": 1, "settings": "{\"feed_url\": \"http://www.djangoproject.com/rss/weblog/\", \"limit\": 5}", "children": "", "collapsed": false}}, {"model": "dashboard.userdashboardmodule", "pk": 6, "fields": {"title": "Soporte", "module": "jet.dashboard.modules.LinkList", "app_label": null, "user": 1, "column": 2, "order": 1, "settings": "{\"draggable\": true, \"deletable\": true, \"collapsible\": true, \"layout\": \"stacked\"}", "children": "[{\"title\": \"Documentaci\\u00f3n Django\", \"url\": \"http://docs.djangoproject.com/\", \"external\": true}, {\"title\": \"Lista de correos Django \\\"django-users\\\"\", \"url\": \"http://groups.google.com/group/django-users\", \"external\": true}, {\"title\": \"Canal IRC de Django\", \"url\": \"irc://irc.freenode.net/django\", \"external\": true}]", "collapsed": false}}, {"model": "dashboard.userdashboardmodule", "pk": 7, "fields": {"title": "Modelos de la aplicación", "module": "jet.dashboard.modules.ModelList", "app_label": "productos", "user": 1, "column": 0, "order": 0, "settings": "{\"models\": [\"productos.*\"], \"exclude\": null}", "children": "", "collapsed": false}}, {"model": "dashboard.userdashboardmodule", "pk": 8, "fields": {"title": "Acciones recientes", "module": "jet.dashboard.modules.RecentActions", "app_label": "productos", "user": 1, "column": 1, "order": 0, "settings": "{\"limit\": 10, \"include_list\": [\"productos.*\"], \"exclude_list\": null, \"user\": null}", "children": "", "collapsed": false}}, {"model": "dashboard.userdashboardmodule", "pk": 9, "fields": {"title": "Modelos de la aplicación", "module": "jet.dashboard.modules.ModelList", "app_label": "usuarios", "user": 1, "column": 0, "order": 0, "settings": "{\"models\": [\"usuarios.*\"], \"exclude\": null}", "children": "", "collapsed": false}}, {"model": "dashboard.userdashboardmodule", "pk": 10, "fields": {"title": "Acciones recientes", "module": "jet.dashboard.modules.RecentActions", "app_label": "usuarios", "user": 1, "column": 1, "order": 0, "settings": "{\"limit\": 10, \"include_list\": [\"usuarios.*\"], \"exclude_list\": null, \"user\": null}", "children": "", "collapsed": false}}, {"model": "productos.categoria", "pk": 1, "fields": {"nombre": "Zapatillas", "created": "2023-05-23T10:51:35.217Z", "updated": "2023-05-23T10:51:35.217Z"}}, {"model": "productos.categoria", "pk": 2, "fields": {"nombre": "Superior", "created": "2023-05-23T10:56:42.021Z", "updated": "2023-05-23T10:56:42.021Z"}}, {"model": "productos.categoria", "pk": 3, "fields": {"nombre": "Inferior", "created": "2023-05-28T11:48:37.731Z", "updated": "2023-05-28T11:48:37.731Z"}}, {"model": "productos.categoria", "pk": 4, "fields": {"nombre": "Accesorios", "created": "2023-05-28T11:56:52.426Z", "updated": "2023-05-28T11:56:52.426Z"}}, {"model": "productos.color", "pk": 1, "fields": {"descripcion": "rojo-burdeos", "codigo_hex": "#781318", "created": "2023-05-23T10:50:04.646Z", "updated": "2023-05-28T11:24:36.279Z"}}, {"model": "productos.color", "pk": 2, "fields": {"descripcion": "blanco-huevo", "codigo_hex": "#D2CCBC", "created": "2023-05-23T10:50:41.062Z", "updated": "2023-05-28T11:24:51.094Z"}}, {"model": "productos.color", "pk": 3, "fields": {"descripcion": "negro-jaspeado", "codigo_hex": "#0F1712", "created": "2023-05-23T10:57:49.307Z", "updated": "2023-05-28T11:25:05.211Z"}}, {"model": "productos.color", "pk": 4, "fields": {"descripcion": "azul-artico", "codigo_hex": "#435785", "created": "2023-05-27T16:04:11.774Z", "updated": "2023-05-28T11:25:15.613Z"}}, {"model": "productos.color", "pk": 5, "fields": {"descripcion": "azul-hyper", "codigo_hex": "#8FA6BA", "created": "2023-05-27T16:13:02.308Z", "updated": "2023-05-28T11:25:27.378Z"}}, {"model": "productos.color", "pk": 6, "fields": {"descripcion": "blanco-perla", "codigo_hex": "#EAE2D5", "created": "2023-05-28T11:30:30.258Z", "updated": "2023-05-28T11:30:30.258Z"}}, {"model": "productos.color", "pk": 7, "fields": {"descripcion": "blanco", "codigo_hex": "#FFFFFF", "created": "2023-05-28T11:32:20.319Z", "updated": "2023-05-28T11:32:20.319Z"}}, {"model": "productos.color", "pk": 8, "fields": {"descripcion": "marron", "codigo_hex": "#6D5242", "created": "2023-05-28T11:32:47.942Z", "updated": "2023-05-28T11:32:47.942Z"}}, {"model": "productos.color", "pk": 9, "fields": {"descripcion": "gris", "codigo_hex": "#7E7E80", "created": "2023-05-28T11:34:13.166Z", "updated": "2023-05-28T11:34:13.166Z"}}, {"model": "productos.color", "pk": 10, "fields": {"descripcion": "blanco-crema", "codigo_hex": "#D0C4A4", "created": "2023-05-28T11:35:36.975Z", "updated": "2023-05-28T11:35:36.975Z"}}, {"model": "productos.color", "pk": 11, "fields": {"descripcion": "morado", "codigo_hex": "#584A6C", "created": "2023-05-28T11:42:11.175Z", "updated": "2023-05-28T11:42:11.175Z"}}, {"model": "productos.color", "pk": 12, "fields": {"descripcion": "blanco-fluorescente", "codigo_hex": "#D9DBC3", "created": "2023-05-28T11:42:39.699Z", "updated": "2023-05-28T11:42:39.699Z"}}, {"model": "productos.color", "pk": 13, "fields": {"descripcion": "rojo-marvel", "codigo_hex": "#CF212A", "created": "2023-05-28T12:14:15.956Z", "updated": "2023-05-28T12:14:15.956Z"}}, {"model": "productos.color", "pk": 14, "fields": {"descripcion": "azul-lavado", "codigo_hex": "#0d456a", "created": "2023-05-28T12:34:14.585Z", "updated": "2023-05-28T12:34:14.585Z"}}, {"model": "productos.color", "pk": 15, "fields": {"descripcion": "verde-turquesa", "codigo_hex": "#6AA4A9", "created": "2023-05-28T14:02:34.994Z", "updated": "2023-05-28T14:02:34.994Z"}}, {"model": "productos.color", "pk": 16, "fields": {"descripcion": "negro-perlado", "codigo_hex": "#2A2836", "created": "2023-05-28T14:09:10.957Z", "updated": "2023-05-28T14:09:10.957Z"}}, {"model": "productos.color", "pk": 17, "fields": {"descripcion": "marron-claro", "codigo_hex": "#9C8A72", "created": "2023-05-28T14:12:01.757Z", "updated": "2023-05-28T14:12:01.757Z"}}, {"model": "productos.color", "pk": 18, "fields": {"descripcion": "plata", "codigo_hex": "#BCB7B9", "created": "2023-05-28T14:16:59.356Z", "updated": "2023-05-28T14:16:59.356Z"}}, {"model": "productos.color", "pk": 19, "fields": {"descripcion": "azul-oscuro", "codigo_hex": "#272A3C", "created": "2023-05-28T14:19:29.427Z", "updated": "2023-05-28T14:19:29.427Z"}}, {"model": "productos.color", "pk": 20, "fields": {"descripcion": "amarillo", "codigo_hex": "#EDD158", "created": "2023-05-28T14:21:35.149Z", "updated": "2023-05-28T14:21:35.149Z"}}, {"model": "productos.color", "pk": 21, "fields": {"descripcion": "verde-oliva", "codigo_hex": "#796B22", "created": "2023-05-28T14:29:14.496Z", "updated": "2023-05-28T14:29:14.496Z"}}, {"model": "productos.color", "pk": 22, "fields": {"descripcion": "azul-venecia", "codigo_hex": "#055884", "created": "2023-05-28T14:30:05.974Z", "updated": "2023-05-28T14:30:05.974Z"}}, {"model": "productos.color", "pk": 23, "fields": {"descripcion": "azul-menta", "codigo_hex": "#3CB6C1", "created": "2023-05-28T14:34:48.250Z", "updated": "2023-05-28T14:34:48.250Z"}}, {"model": "productos.color", "pk": 24, "fields": {"descripcion": "azul-profundo", "codigo_hex": "#25313F", "created": "2023-05-28T14:35:17.437Z", "updated": "2023-05-28T14:35:17.437Z"}}, {"model": "productos.color", "pk": 25, "fields": {"descripcion": "azul-turquesa", "codigo_hex": "#6288A1", "created": "2023-05-28T14:40:02.204Z", "updated": "2023-05-28T14:40:02.204Z"}}, {"model": "productos.color", "pk": 26, "fields": {"descripcion": "verde-claro", "codigo_hex": "#D1E3CA", "created": "2023-05-28T14:41:08.883Z", "updated": "2023-05-28T14:41:08.883Z"}}, {"model": "productos.color", "pk": 27, "fields": {"descripcion": "gris-claro", "codigo_hex": "#DBDADF", "created": "2023-05-28T14:44:27.279Z", "updated": "2023-05-28T14:44:27.279Z"}}, {"model": "productos.color", "pk": 28, "fields": {"descripcion": "verde-pino", "codigo_hex": "#314547", "created": "2023-05-28T14:48:14.098Z", "updated": "2023-05-28T14:48:14.099Z"}}, {"model": "productos.color", "pk": 29, "fields": {"descripcion": "rosa", "codigo_hex": "#8c7ba4", "created": "2023-05-28T14:51:10.971Z", "updated": "2023-05-28T14:51:10.971Z"}}, {"model": "productos.marca", "pk": 1, "fields": {"nombre": "Jordan", "created": "2023-05-23T10:50:53.730Z", "updated": "2023-05-23T10:50:53.730Z"}}, {"model": "productos.marca", "pk": 2, "fields": {"nombre": "Stüssy", "created": "2023-05-23T10:58:01.188Z", "updated": "2023-05-23T10:58:01.188Z"}}, {"model": "productos.marca", "pk": 3, "fields": {"nombre": "The North Face", "created": "2023-05-27T16:05:41.046Z", "updated": "2023-05-27T16:05:41.046Z"}}, {"model": "productos.marca", "pk": 4, "fields": {"nombre": "Carhartt", "created": "2023-05-27T16:10:32.240Z", "updated": "2023-05-27T16:10:32.240Z"}}, {"model": "productos.marca", "pk": 5, "fields": {"nombre": "Adidas", "created": "2023-05-27T19:12:13.473Z", "updated": "2023-05-27T19:12:13.473Z"}}, {"model": "productos.marca", "pk": 6, "fields": {"nombre": "Nike", "created": "2023-05-28T11:43:07.683Z", "updated": "2023-05-28T11:43:07.683Z"}}, {"model": "productos.marca", "pk": 7, "fields": {"nombre": "Rip N Dip", "created": "2023-05-28T11:53:50.529Z", "updated": "2023-05-28T11:53:50.529Z"}}, {"model": "productos.marca", "pk": 8, "fields": {"nombre": "Grimey", "created": "2023-05-28T12:04:36.786Z", "updated": "2023-05-28T12:04:36.787Z"}}, {"model": "productos.marca", "pk": 9, "fields": {"nombre": "HUF", "created": "2023-05-28T12:14:41.897Z", "updated": "2023-05-28T12:14:41.897Z"}}, {"model": "productos.ajuste", "pk": 1, "fields": {"descripcion": "Ancho", "created": "2023-05-23T10:51:18.498Z", "updated": "2023-05-23T10:51:18.498Z"}}, {"model": "productos.ajuste", "pk": 2, "fields": {"descripcion": "Regular", "created": "2023-05-23T10:58:20.957Z", "updated": "2023-05-23T10:58:20.957Z"}}, {"model": "productos.ajuste", "pk": 3, "fields": {"descripcion": "Carhartt", "created": "2023-05-27T16:10:12.406Z", "updated": "2023-05-27T16:10:12.406Z"}}, {"model": "productos.ajuste", "pk": 4, "fields": {"descripcion": "Nike", "created": "2023-05-28T11:42:51.619Z", "updated": "2023-05-28T11:42:51.619Z"}}, {"model": "productos.ajuste", "pk": 5, "fields": {"descripcion": "Ajustado", "created": "2023-05-28T14:03:28.278Z", "updated": "2023-05-28T14:03:28.278Z"}}, {"model": "productos.tipo_prenda", "pk": 1, "fields": {"descripcion": "Deportiva", "categoria_padre": 1, "created": "2023-05-23T10:51:39.443Z", "updated": "2023-05-23T10:51:39.443Z"}}, {"model": "productos.tipo_prenda", "pk": 2, "fields": {"descripcion": "Chaqueta", "categoria_padre": 2, "created": "2023-05-23T10:58:38.204Z", "updated": "2023-05-23T10:58:38.204Z"}}, {"model": "productos.tipo_prenda", "pk": 3, "fields": {"descripcion": "Abrigo", "categoria_padre": 2, "created": "2023-05-27T16:06:06.210Z", "updated": "2023-05-27T16:06:06.210Z"}}, {"model": "productos.tipo_prenda", "pk": 4, "fields": {"descripcion": "Vaqueros", "categoria_padre": 3, "created": "2023-05-28T11:48:43.666Z", "updated": "2023-05-28T11:48:43.666Z"}}, {"model": "productos.tipo_prenda", "pk": 5, "fields": {"descripcion": "Largos", "categoria_padre": 3, "created": "2023-05-28T11:53:37.596Z", "updated": "2023-05-28T11:53:37.596Z"}}, {"model": "productos.tipo_prenda", "pk": 6, "fields": {"descripcion": "Chandal", "categoria_padre": 3, "created": "2023-05-28T12:14:59.485Z", "updated": "2023-05-28T12:14:59.485Z"}}, {"model": "productos.tipo_prenda", "pk": 7, "fields": {"descripcion": "Cortos", "categoria_padre": 3, "created": "2023-05-28T12:18:57.583Z", "updated": "2023-05-28T12:18:57.583Z"}}, {"model": "productos.tipo_prenda", "pk": 8, "fields": {"descripcion": "Ropa Interior", "categoria_padre": 4, "created": "2023-05-28T14:04:01.937Z", "updated": "2023-05-28T14:04:01.937Z"}}, {"model": "productos.tipo_prenda", "pk": 9, "fields": {"descripcion": "Gorras", "categoria_padre": 4, "created": "2023-05-28T14:09:48.592Z", "updated": "2023-05-28T14:09:48.592Z"}}, {"model": "productos.tipo_prenda", "pk": 10, "fields": {"descripcion": "Cinturones", "categoria_padre": 4, "created": "2023-05-28T14:12:41.950Z", "updated": "2023-05-28T14:12:41.950Z"}}, {"model": "productos.tipo_prenda", "pk": 11, "fields": {"descripcion": "Complementos", "categoria_padre": 4, "created": "2023-05-28T14:14:55.883Z", "updated": "2023-05-28T14:14:55.883Z"}}, {"model": "productos.tipo_prenda", "pk": 12, "fields": {"descripcion": "Manga Corta", "categoria_padre": 2, "created": "2023-05-28T14:26:06.050Z", "updated": "2023-05-28T14:26:06.050Z"}}, {"model": "productos.tipo_prenda", "pk": 13, "fields": {"descripcion": "Camisetas", "categoria_padre": 2, "created": "2023-05-28T14:26:33.528Z", "updated": "2023-05-28T14:26:33.528Z"}}, {"model": "productos.tipo_prenda", "pk": 14, "fields": {"descripcion": "Sudaderas", "categoria_padre": 2, "created": "2023-05-28T14:44:47.989Z", "updated": "2023-05-28T14:44:47.989Z"}}, {"model": "productos.talla", "pk": 1, "fields": {"talla": "43", "created": "2023-05-23T10:52:17.655Z", "updated": "2023-05-23T10:52:17.655Z"}}, {"model": "productos.talla", "pk": 2, "fields": {"talla": "XL", "created": "2023-05-27T16:15:36.242Z", "updated": "2023-05-27T16:15:36.242Z"}}, {"model": "productos.talla", "pk": 3, "fields": {"talla": "L", "created": "2023-05-28T14:57:19.983Z", "updated": "2023-05-28T14:57:19.983Z"}}, {"model": "productos.talla", "pk": 4, "fields": {"talla": "M", "created": "2023-05-28T14:57:35.976Z", "updated": "2023-05-28T14:57:35.976Z"}}, {"model": "productos.talla", "pk": 5, "fields": {"talla": "S", "created": "2023-05-28T14:58:00.346Z", "updated": "2023-05-28T14:58:00.346Z"}}, {"model": "productos.talla", "pk": 6, "fields": {"talla": "42", "created": "2023-05-28T14:59:15.713Z", "updated": "2023-05-28T14:59:15.713Z"}}, {"model": "productos.talla", "pk": 7, "fields": {"talla": "44", "created": "2023-05-28T14:59:30.362Z", "updated": "2023-05-28T14:59:30.362Z"}}, {"model": "productos.talla", "pk": 8, "fields": {"talla": "41", "created": "2023-05-28T15:00:12.221Z", "updated": "2023-05-28T15:00:12.221Z"}}, {"model": "productos.talla", "pk": 9, "fields": {"talla": "Talla Unica", "created": "2023-05-28T15:01:28.300Z", "updated": "2023-05-28T15:01:28.300Z"}}, {"model": "productos.producto", "pk": 1, "fields": {"nombre": "Jordan 1 High Lost and Found", "referencia": "ZAP32434", "descripcion": "Antes de que surgieran sistemas de control de inventario sofisticados, las existencias solían registrarse con papel y boli. El error humano era inevitable y solía provocar que las cajas no coincidieran con las tapas.\r\n\r\nLas AJ1 Chicago nos retrotraen a esa época inspirándose en el aspecto que tendrían las Air Jordan 1 de 1985 si nos las encontrásemos décadas más tarde en un almacén polvoriento.\r\n\r\nEl equipo de diseño de Jordan comenta que el objetivo de este modelo era generar \"un momento de viaje en el tiempo\", sobre todo para una nueva generación de consumidores. Hoy en día, el proceso de comprar unas zapatillas poco tiene que ver con cómo era en los 80. Estas zapatillas pretenden capturar esa sensación de encontrar un tesoro perdido para transmitir al consumidor cómo eran unas AJ1 clásicas recién sacadas de la caja en su momento.", "categoria": 1, "imagen": "productos/air-jordan-1-high-chicago-lost-and-found-reimagined.webp", "precio": "560.00", "oferta": true, "precio_oferta": "200.00", "created": "2023-05-23T10:51:59.777Z", "updated": "2023-05-28T11:34:46.256Z", "producto_color": [1, 2, 3], "producto_marca": [1], "producto_ajuste": [1], "producto_tipo_prenda": [1]}}, {"model": "productos.producto", "pk": 2, "fields": {"nombre": "Stüssy 8 ball", "referencia": "SUP12345", "descripcion": "Laguna Beach neighborhood and cult surfboard-shaper Mr Shawn Stüssy set up his mark in 1980 propelled by DIY culture and the limit obscuring music scene of the time. The faction mark keeps on delivering an easily cool scope of items which draw on worldwide travel and the craftsmanship world.", "categoria": 2, "imagen": "productos/Stussy-8-Ball-Sherpa-Reversible-Jacket-Natural-Product_V2_zTjzln6.webp", "precio": "350.00", "oferta": false, "precio_oferta": null, "created": "2023-05-23T10:58:40.667Z", "updated": "2023-05-28T11:35:50.343Z", "producto_color": [3, 10], "producto_marca": [2], "producto_ajuste": [2], "producto_tipo_prenda": [2]}}, {"model": "productos.producto", "pk": 3, "fields": {"nombre": "Nuptse Retro 1996", "referencia": "ABR56785", "descripcion": "Nuestro emblemático diseño Nuptse llega desde las pistas de esquí de los años 90 al entorno urbano. La chaqueta plegable 1996 Retro Nuptse tiene una silueta holgada y geométrica, confeccionada en el tejido antidesgarros brillante del modelo original y cuenta con el mítico acolchado con secciones extragrandes y capucha plegable para que vayas abrigado y seco cuando hace frío y llueve.", "categoria": 2, "imagen": "productos/the-north-face-nuptse-azul-marino.webp", "precio": "330.00", "oferta": true, "precio_oferta": "280.00", "created": "2023-05-27T16:06:10.057Z", "updated": "2023-05-27T16:06:10.057Z", "producto_color": [3, 4], "producto_marca": [3], "producto_ajuste": [1], "producto_tipo_prenda": [3]}}, {"model": "productos.producto", "pk": 4, "fields": {"nombre": "Terrell Jacket", "referencia": "CHA34234", "descripcion": "La Terrell Jacket se ha confeccionado en tejido Terrell a rayas estilo carpintero de peso medio. La chaqueta está forrada con popelina de algodón en el cuerpo y nailon en las mangas. Cuenta con un bolsillo con cremallera en el pecho, así como un bolsillo dividido tipo canguro en la parte delantera. Los puños y el bajo ajustables permiten un ajuste perfecto. Una etiqueta de corazón tejida en la parte delantera hace un guiño al legado de la marca.", "categoria": 2, "imagen": "productos/terrell-jacket-bleach-wax-rinsed-1560.jpeg", "precio": "200.00", "oferta": true, "precio_oferta": "150.00", "created": "2023-05-27T16:10:41.936Z", "updated": "2023-05-28T11:30:50.090Z", "producto_color": [4, 6], "producto_marca": [4], "producto_ajuste": [1], "producto_tipo_prenda": [2]}}, {"model": "productos.producto", "pk": 5, "fields": {"nombre": "1 Retro High OG Hyper Royal", "referencia": "ZAP95867", "descripcion": "Jordan añadió un nuevo esquema de colores a su catálogo de Jordan 1 en la primavera de 2021 con las Air Jordan 1 Hyper Royal. El Hyper Royal selecciona materiales y bloques de colores para dar una sensación vintage, similar a los Air Jordan 1 High Turbo Green de 2019.\r\n\r\nEl upper de los Air Jordan 1 Hyper Royal tiene cuero blanco y refuerzos laterales de ante Hyper Royal desgastado; el Swoosh y los paneles del tobillo son de un Durabuck gris humo claro. Al igual que en los Jordan 1 del pasado, el clásico logotipo blanco \"Wings\" aparece en el tobillo lateral. Una etiqueta azul de Nike Air cosida en la lengüeta, una mediosuela blanca y una suela gris humo claro dan los toques finales a este diseño retro.", "categoria": 1, "imagen": "productos/air-jordan-1-retro-high-og-hyper-royal.webp", "precio": "300.00", "oferta": true, "precio_oferta": "280.00", "created": "2023-05-27T16:13:19.385Z", "updated": "2023-05-28T11:34:14.792Z", "producto_color": [5, 7, 9], "producto_marca": [1], "producto_ajuste": [1], "producto_tipo_prenda": [1]}}, {"model": "productos.producto", "pk": 6, "fields": {"nombre": "Adidas Samba", "referencia": "ZAP47586", "descripcion": "Nacida en los campos de fútbol, la Samba es un icono atemporal de estilo urbano. Esta zapatilla mantiene la esencia de su legado con una parte superior de piel suave y refuerzos de ante.", "categoria": 1, "imagen": "productos/adidas-samba-vegan-white-gum.webp", "precio": "99.00", "oferta": true, "precio_oferta": "70.00", "created": "2023-05-27T19:12:32.870Z", "updated": "2023-05-28T11:33:05.445Z", "producto_color": [3, 7, 8], "producto_marca": [5], "producto_ajuste": [2], "producto_tipo_prenda": [1]}}, {"model": "productos.producto", "pk": 7, "fields": {"nombre": "Nike Air Force 1 Low Purple Skeleton Halloween 2021", "referencia": "ZAP23459", "descripcion": "Las Nike Air Force 1 Purple Skeleton han vuelto a la palestra desde octubre de 2021 justo cuando se celebraba Halloween.\r\nEl primer modelo se lanzó en 2018 donde el AF1 se vistió de blanco con el White Skeleton luego una versión Black Skeleton tomó el relevo en 2019, seguido en 2020 por el Air Force 1 Orange Skeleton. El diseño actual está envuelto en cuero púrpura, un color púrpura intenso que fue votado por los consumidores como uno de sus colores favoritos de Skeleton durante el primer episodio de SNKRS Live en la aplicación.\r\nInspirada en la Air Force 1 Low que la precedió, la zapatilla púrpura presenta una huella de esqueleto en los laterales y en la plantilla. Este particular diseño se asienta sobre una gruesa suela lechosa y una dubrae, ambas con el tema del brillo en la oscuridad.", "categoria": 1, "imagen": "productos/nike-air-force-1-low-purple-skeleton-halloween-2021.webp", "precio": "130.00", "oferta": false, "precio_oferta": null, "created": "2023-05-28T11:43:56.729Z", "updated": "2023-05-28T11:43:56.729Z", "producto_color": [7, 11, 12], "producto_marca": [6], "producto_ajuste": [2], "producto_tipo_prenda": [1]}}, {"model": "productos.producto", "pk": 8, "fields": {"nombre": "Rip N Dip Skelly Nerm Black Wash", "referencia": "PAN76904", "descripcion": "Cintura con botones y bragueta con cremallera YKK\r\n2 Bolsillos Traseros\r\nHuesos serigrafiados en la parte delantera y trasera", "categoria": 3, "imagen": "productos/skellynerm-2048x2048_0024_027A9939_1800x1800.webp", "precio": "110.00", "oferta": false, "precio_oferta": null, "created": "2023-05-28T12:00:02.930Z", "updated": "2023-05-28T12:00:41.484Z", "producto_color": [3, 7], "producto_marca": [7], "producto_ajuste": [1], "producto_tipo_prenda": [4, 5]}}, {"model": "productos.producto", "pk": 9, "fields": {"nombre": "Vaquero Grimey SNOW FOX", "referencia": "PAN23681", "descripcion": "Los vaqueros anchos \"Pantalón Grimey SNOW FOX\" son una prenda de moda urbana perfecta para aquellos que buscan un estilo moderno y desenfadado. Fabricados con tejido de alta calidad, estos vaqueros ofrecen comodidad y durabilidad.\r\n\r\nEl diseño de corte ancho de estos vaqueros brinda un ajuste holgado y relajado, lo que los hace ideales para crear looks casuales y vanguardistas. Su color blanco les otorga un aspecto fresco y versátil, permitiendo combinarlos fácilmente con diferentes prendas y colores.", "categoria": 3, "imagen": "productos/gjlp107-wlblu_pant_grimey_snow_fox_02.jpg", "precio": "64.00", "oferta": false, "precio_oferta": null, "created": "2023-05-28T12:04:43.726Z", "updated": "2023-05-28T12:04:43.726Z", "producto_color": [2], "producto_marca": [8], "producto_ajuste": [1], "producto_tipo_prenda": [4, 5]}}, {"model": "productos.producto", "pk": 10, "fields": {"nombre": "Carhartt Single Knee Pant - Faded", "referencia": "PAN67483", "descripcion": "El pantalón Single Knee se inspira en las siluetas clásicas de los pantalones de trabajo y está confeccionado en nuestra robusta lona Dearborn de 12 onzas, que se suavizará con el tiempo. Este estilo es una versión más holgada del Ruck Single Knee Pant, y está cortado en un corte relajado de pierna recta, con cintura regular. Los pespuntes, los bolsillos para herramientas y la trabilla para el martillo recuerdan las influencias utilitarias de este estilo.\r\n\r\n100% Algodón orgánico.", "categoria": 3, "imagen": "productos/single-knee-pant-piscine-faded-7473.jpeg", "precio": "150.00", "oferta": false, "precio_oferta": null, "created": "2023-05-28T12:07:56.856Z", "updated": "2023-05-28T12:09:11.107Z", "producto_color": [5], "producto_marca": [4], "producto_ajuste": [1], "producto_tipo_prenda": [4, 5]}}, {"model": "productos.producto", "pk": 11, "fields": {"nombre": "Carhartt Nash DK Pant", "referencia": "PAN23980", "descripcion": "El Nash Double Knee Pant se inspira en los pantalones de trabajo clásicos y está confeccionado en denim Smith robusto. Tiene un corte holgado con una cintura regular. La prenda está disponible en una versión lavada, con un tacto más suave que no afecta a la durabilidad, y una versión lavada a la piedra que le da un aspecto desgastado único. Los detalles de triple costura hacen que sea un pantalón más robusto, mientras que los bolsillos para herramientas y la presilla para martillo añaden más toques utilitarios a la prenda. Una etiqueta de corazón tejida en el bolsillo trasero hace un guiño al legado de la marca.", "categoria": 3, "imagen": "productos/nash-dk-pant-black-rinsed-1566.jpeg", "precio": "119.00", "oferta": false, "precio_oferta": null, "created": "2023-05-28T12:11:22.306Z", "updated": "2023-05-28T12:11:22.306Z", "producto_color": [3], "producto_marca": [4], "producto_ajuste": [1], "producto_tipo_prenda": [4, 5]}}, {"model": "productos.producto", "pk": 12, "fields": {"nombre": "Chandal HUF Amazing Spider-Man", "referencia": "PAN05623", "descripcion": "Nuestra última entrega Marvel 2022 se inspira en nuestra época favorita de la icónica franquicia Spider-Man con estampados de gran tamaño inspirados en los 90, un intenso trabajo de líneas y guiños a la herencia de HUF. Los Amazing Fleece Pants están confeccionados en un suave tejido polar con gráficos Marvel serigrafiados.", "categoria": 3, "imagen": "productos/AMAZING-FLEECE-PANTS_BLACK_PT00296_BLACK_01_1200x_IZcQrFt.webp", "precio": "67.00", "oferta": false, "precio_oferta": null, "created": "2023-05-28T12:15:04.910Z", "updated": "2023-05-28T12:15:04.910Z", "producto_color": [3, 7, 13], "producto_marca": [9], "producto_ajuste": [1], "producto_tipo_prenda": [5, 6]}}, {"model": "productos.producto", "pk": 13, "fields": {"nombre": "Pantalon Corto Grimey Osiris Route", "referencia": "PAN54320", "descripcion": "El pantalón corto \"Grimey Osiris Route\" en color marrón es una prenda de moda urbana que combina estilo y comodidad en una sola pieza. Confeccionado con materiales de alta calidad, este pantalón ofrece un ajuste perfecto y durabilidad.\r\n\r\nDestacando en el diseño, el pantalón corto cuenta con el icónico ojo de Osiris en relieve, símbolo de protección y sabiduría en la cultura egipcia. Este detalle agrega un toque distintivo y misterioso a la prenda, capturando la atención y generando intriga.\r\n\r\nEl color marrón del pantalón ofrece versatilidad y permite combinarlo con diferentes estilos y colores. Ya sea para un día de playa, una actividad deportiva o simplemente para disfrutar del tiempo libre, este pantalón corto es una opción ideal.\r\n\r\nAdemás de su atractivo diseño, el pantalón \"Grimey Osiris Route\" ofrece una gran comodidad gracias a su corte y a los materiales suaves utilizados en su confección. Cuenta con bolsillos laterales funcionales, permitiendo llevar pequeños objetos de manera práctica.\r\n\r\nEl pantalón corto marrón con el ojo de Osiris \"Grimey Osiris Route\" es una prenda única que combina estilo, confort y un toque de misticismo. Destaca entre la multitud y muestra tu personalidad audaz con este pantalón urbano de moda.", "categoria": 3, "imagen": "productos/-gbss165-blk_pant_corto_grimey_fire_route_02.jpg", "precio": "49.00", "oferta": false, "precio_oferta": null, "created": "2023-05-28T12:19:00.380Z", "updated": "2023-05-28T12:23:28.314Z", "producto_color": [8], "producto_marca": [8], "producto_ajuste": [1], "producto_tipo_prenda": [6, 7]}}, {"model": "productos.producto", "pk": 14, "fields": {"nombre": "Pantalon Corto Grimey Fire Route", "referencia": "PAN01237", "descripcion": "El pantalón corto \"Grimey Fire Route\" en color marrón es una prenda de moda urbana que destaca por su estilo llamativo y original. Confeccionado con materiales de alta calidad, este pantalón corto ofrece comodidad y estilo en un solo paquete.\r\n\r\nLo que hace que este pantalón corto sea único es su bordado de llamas azules en la parte frontal y trasera. Este diseño exclusivo añade un toque de energía y audacia, convirtiendo a este pantalón en una verdadera declaración de moda.\r\n\r\nEl color marrón del pantalón aporta una base neutra y versátil, lo que facilita su combinación con una variedad de colores y estilos de camisetas, sudaderas o zapatillas. Es perfecto para crear looks casuales pero con un toque de estilo extra.\r\n\r\nAdemás de su atractivo diseño, este pantalón corto ofrece una cómoda cintura elástica y bolsillos laterales funcionales, brindando practicidad y espacio para llevar tus objetos personales de manera segura.\r\n\r\nYa sea para disfrutar de un día soleado en la playa, un paseo por la ciudad o un evento informal, el pantalón corto marrón \"Grimey Fire Route\" con bordado de llamas azules te permitirá destacar y expresar tu estilo único y atrevido. ¡No pases desapercibido y añade un toque de fuego a tu vestuario con este increíble pantalón corto!", "categoria": 3, "imagen": "productos/-grbs167-blk_pant_corto_grimey_fire_route_01_JCQO2ud.jpg", "precio": "48.00", "oferta": false, "precio_oferta": null, "created": "2023-05-28T12:22:33.882Z", "updated": "2023-05-28T12:22:33.882Z", "producto_color": [5, 8], "producto_marca": [8], "producto_ajuste": [1], "producto_tipo_prenda": [6, 7]}}, {"model": "productos.producto", "pk": 15, "fields": {"nombre": "Carhartt Landon Short", "referencia": "PAN56124", "descripcion": "El pantalón corto \"Carhartt Landon Short\" es una prenda imprescindible para aquellos que buscan estilo y comodidad en un pantalón corto vaquero. Fabricado por la reconocida marca Carhartt, garantiza calidad y durabilidad.\r\n\r\nEste pantalón corto presenta un diseño clásico de estilo vaquero en un elegante color negro jaspeado. El efecto jaspeado añade un toque de sofisticación y distinción al pantalón, permitiendo que se destaque entre otros pantalones cortos vaqueros tradicionales.\r\n\r\nConfeccionado con tejido de alta calidad, este pantalón corto ofrece una sensación suave y cómoda al usarlo. El corte y la longitud del pantalón están diseñados para brindar una gran movilidad y comodidad durante todo el día.\r\n\r\nEl pantalón corto \"Carhartt Landon Short\" presenta detalles característicos de la marca, como remaches de metal y costuras reforzadas, lo que garantiza su resistencia y durabilidad a lo largo del tiempo.\r\n\r\nEste versátil pantalón corto vaquero es perfecto para cualquier ocasión casual. Combínalo con una camiseta básica y unas zapatillas deportivas para un look relajado, o vístelo con una camisa y zapatos de estilo más formal para un enfoque más elegante.\r\n\r\nCon el pantalón corto vaquero de color negro jaspeado \"Carhartt Landon Short\", estarás a la moda y listo para enfrentar cualquier aventura de verano con estilo y comodidad duradera.", "categoria": 3, "imagen": "productos/landon-short-black-heavy-stone-wash-3750.jpeg", "precio": "89.00", "oferta": false, "precio_oferta": null, "created": "2023-05-28T12:30:52.482Z", "updated": "2023-05-28T12:30:52.482Z", "producto_color": [3], "producto_marca": [4], "producto_ajuste": [1], "producto_tipo_prenda": [4, 7]}}, {"model": "productos.producto", "pk": 16, "fields": {"nombre": "Carhartt Single Knee Short", "referencia": "PAN85832", "descripcion": "El Single Knee Short tiene un corte relajado con un talle regular, y está confeccionado en denim Smith, que es un tejido de algodón pesado. Tiene varias versiones, desde una lavada a la piedra con un tacto más suave, hasta otra con un tratamiento de blanqueado intenso a la piedra con un aspecto mucho más claro. Este pantalón corto, inspirado en la silueta de los clásicos pantalones de trabajo, presenta costuras triples, bolsillos para herramientas y una trabilla para martillo. Una etiqueta cuadrada tejida en el bolsillo trasero completa el diseño.", "categoria": 3, "imagen": "productos/single-knee-short-blue-stone-washed-133_lJPMiDW.jpeg", "precio": "89.00", "oferta": false, "precio_oferta": null, "created": "2023-05-28T12:34:35.470Z", "updated": "2023-05-28T12:34:35.470Z", "producto_color": [14], "producto_marca": [4], "producto_ajuste": [1], "producto_tipo_prenda": [4, 7]}}, {"model": "productos.producto", "pk": 17, "fields": {"nombre": "Calzoncillos Rip N Dip", "referencia": "ACC83942", "descripcion": "El boxer verde de la marca Rip N Dip con el dibujo de un gato es una prenda de ropa interior que combina estilo y diversión. Este boxer está diseñado para ofrecer comodidad durante todo el día, con un toque de originalidad que lo hace destacar.\r\n\r\nEl color verde vibrante del boxer añade un toque de frescura y vitalidad, mientras que el dibujo de un gato le agrega un elemento lúdico y encantador. El gato está representado de una manera única y distintiva, aportando un aspecto peculiar y divertido a esta prenda.\r\n\r\nEl boxer está confeccionado con materiales de alta calidad, que garantizan una sensación suave y agradable al contacto con la piel. Además, cuenta con una cintura elástica que proporciona un ajuste seguro y cómodo.", "categoria": 4, "imagen": "productos/calzoncillos-turquesa-rip-n-dip.webp", "precio": "25.00", "oferta": false, "precio_oferta": null, "created": "2023-05-28T14:04:09.589Z", "updated": "2023-05-28T14:04:09.589Z", "producto_color": [15], "producto_marca": [7], "producto_ajuste": [5], "producto_tipo_prenda": [8]}}, {"model": "productos.producto", "pk": 18, "fields": {"nombre": "Gorra Grimey \"Gem Cutting\" 5 Panels", "referencia": "ACC45632", "descripcion": "La gorra negra \"Gorra Grimey 'Gem Cutting' 5 Panels\" es el accesorio perfecto para quienes buscan un estilo urbano y llamativo. Confeccionada con materiales de alta calidad, esta gorra combina comodidad y diseño en una sola pieza.\r\n\r\nEl color negro de la gorra le brinda un aspecto elegante y versátil, permitiendo su combinación con una amplia variedad de conjuntos y estilos. El pequeño bordado en verde turquesa, representando cortes de gemas, añade un toque de originalidad y color, destacándose de manera sutil pero llamativa.\r\n\r\nLa gorra \"Gorra Grimey 'Gem Cutting' 5 Panels\" presenta un diseño de 5 paneles, que se adapta cómodamente a la forma de la cabeza, proporcionando un ajuste perfecto y una gran ventilación. Además, cuenta con una correa ajustable en la parte posterior, lo que permite personalizar el ajuste según tus preferencias.", "categoria": 4, "imagen": "productos/gr5p298-blk_gorra_grimey_gem_cutting_5_panels_-_black_fall_21_01.jpg", "precio": "24.00", "oferta": false, "precio_oferta": null, "created": "2023-05-28T14:09:56.426Z", "updated": "2023-05-28T14:09:56.426Z", "producto_color": [7, 15, 16], "producto_marca": [8], "producto_ajuste": [2], "producto_tipo_prenda": [9]}}, {"model": "productos.producto", "pk": 19, "fields": {"nombre": "Cinturon Clip Carhartt", "referencia": "ACC94023", "descripcion": "El cinturón Clip Belt Chrome está fabricado en resistente lona de poliéster e incluye hebilla metálica cromada intercambiable, con la marca Carhartt WIP troquelada en contraste. Talla única.", "categoria": 4, "imagen": "productos/clip-belt-chrome-leather-2175.jpeg", "precio": "35.00", "oferta": false, "precio_oferta": null, "created": "2023-05-28T14:12:43.670Z", "updated": "2023-05-28T14:17:38.642Z", "producto_color": [17], "producto_marca": [4], "producto_ajuste": [2], "producto_tipo_prenda": [11]}}, {"model": "productos.producto", "pk": 20, "fields": {"nombre": "Collar de plata Rip N Dip", "referencia": "ACC09323", "descripcion": "El collar de plata de la marca Rip N Dip es una joya elegante y sofisticada que añadirá un toque de estilo único a tu look. Fabricado con plata de alta calidad, este collar destaca por su brillo y durabilidad.\r\n\r\nEl diseño del collar de plata de Rip N Dip presenta detalles intrincados y cuidadosamente elaborados, capturando la esencia de la marca. Su estilo distintivo combina elementos modernos con un toque de originalidad, lo que lo convierte en una pieza llamativa y atractiva.\r\n\r\nEl collar es ajustable, lo que te permite adaptarlo a la longitud deseada, y cuenta con un cierre seguro para garantizar que se mantenga en su lugar durante todo el día. Su peso ligero hace que sea cómodo de llevar y perfecto para lucir en cualquier ocasión.\r\n\r\nEste collar de plata de Rip N Dip es el complemento ideal para añadir un toque de elegancia a tus conjuntos. Ya sea que lo uses como una pieza central o como parte de una combinación de collares, seguramente llamará la atención y se convertirá en un punto focal de tu estilo.", "categoria": 4, "imagen": "productos/collar-rip-n-dip-plata.webp", "precio": "34.00", "oferta": null, "precio_oferta": null, "created": "2023-05-28T14:17:10.285Z", "updated": "2023-05-28T14:17:10.285Z", "producto_color": [18], "producto_marca": [7], "producto_ajuste": [2], "producto_tipo_prenda": [11]}}, {"model": "productos.producto", "pk": 21, "fields": {"nombre": "Cinturon Clip Carhartt", "referencia": "ACC45533", "descripcion": "El cinturón Clip Belt Chrome está fabricado en resistente lona de poliéster e incluye hebilla metálica cromada intercambiable, con la marca Carhartt WIP troquelada en contraste. Talla única.", "categoria": 4, "imagen": "productos/clip-belt-chrome-dark-navy-1901.jpeg", "precio": "35.00", "oferta": false, "precio_oferta": null, "created": "2023-05-28T14:18:52.983Z", "updated": "2023-05-28T14:19:31.055Z", "producto_color": [19], "producto_marca": [4], "producto_ajuste": [2], "producto_tipo_prenda": [11]}}, {"model": "productos.producto", "pk": 22, "fields": {"nombre": "Gorro Grimey \"Trespass\"", "referencia": "ACC34523", "descripcion": "El gorro amarillo de estilo bucket \"Gorro Grimey 'Trespass'\" es una prenda de moda urbana que combina estilo y funcionalidad. Fabricado con materiales de alta calidad.\r\n\r\nEl color amarillo vibrante del gorro agrega un toque de energía y vitalidad a tu look. Es un color llamativo que te permitirá destacar entre la multitud y expresar tu individualidad con confianza.\r\n\r\nEl estilo bucket del gorro le otorga un aspecto moderno y fresco. Su diseño de ala ancha proporciona una protección adicional contra el sol y te permite lucir un estilo único y despreocupado.\r\n\r\nEl gorro \"Gorro Grimey 'Trespass'\" es perfecto para combinar con diferentes conjuntos casuales. Ya sea que lo uses con una chaqueta de mezclilla y unos jeans, o con una sudadera y pantalones deportivos, este gorro añadirá un toque de estilo urbano y desenfadado a tu atuendo.", "categoria": 4, "imagen": "productos/grbh320-ylw_grimey_22trespass_22_bucket_-_yellow_summer_22_02_1.jpg", "precio": "31.40", "oferta": false, "precio_oferta": null, "created": "2023-05-28T14:23:03.025Z", "updated": "2023-05-28T14:23:03.025Z", "producto_color": [20], "producto_marca": [8], "producto_ajuste": [2], "producto_tipo_prenda": [9]}}, {"model": "productos.producto", "pk": 23, "fields": {"nombre": "Camiseta HUF Venom Is Back", "referencia": "CAM34566", "descripcion": "Nuestra última entrega Marvel 2022 se inspira en nuestra época favorita de la icónica franquicia Spider-Man con estampados de gran tamaño inspirados en los 90, un intenso trabajo de líneas y guiños a la herencia de HUF. Con gráficos clásicos de Marvel y un proceso de impresión único, la Venom Is Back Short Sleeve Tee lo borda con ilustraciones impresas en el cinturón y un diseño con salpicaduras de lejía.", "categoria": 2, "imagen": "productos/VENOM-IS-BACK-S-S-TEE_BLACK_TS02059_BLACK_01_1200x.webp", "precio": "36.99", "oferta": false, "precio_oferta": null, "created": "2023-05-28T14:26:36.996Z", "updated": "2023-05-28T14:26:36.996Z", "producto_color": [3, 5, 13], "producto_marca": [9], "producto_ajuste": [1], "producto_tipo_prenda": [12, 13]}}, {"model": "productos.producto", "pk": 24, "fields": {"nombre": "Camiseta Carhartt S/S Crouser", "referencia": "CAM34423", "descripcion": "La S/S Crouser T-Shirt se ha tejido en punto de algodón orgánico y presenta un corte holgado. Es de manga corta y está adornada con rayas en bloque. Un gráfico bordado con letras adorna el pecho.", "categoria": 2, "imagen": "productos/s-s-crouser-t-shirt-crouser-stripe-amalfi-heavy-stone-wash-441.jpeg", "precio": "69.00", "oferta": false, "precio_oferta": null, "created": "2023-05-28T14:30:40.470Z", "updated": "2023-05-28T14:30:40.470Z", "producto_color": [2, 21, 22], "producto_marca": [4], "producto_ajuste": [1], "producto_tipo_prenda": [12, 13]}}, {"model": "productos.producto", "pk": 25, "fields": {"nombre": "Carhartt S/S Amble Polo", "referencia": "SUP34234", "descripcion": "Confeccionado en punto de algodón grueso con un corte extragrande, el S/S Amble Polo presenta una silueta de inspiración deportiva. El modelo de manga corta también está adornado con un diseño de rayas horizontales, así como un cuello en contraste y una tapeta oculta. El bordado gráfico aparece en la parte izquierda del pecho.", "categoria": 2, "imagen": "productos/s-s-amble-polo-white-232.jpeg", "precio": "89.99", "oferta": false, "precio_oferta": null, "created": "2023-05-28T14:33:51.960Z", "updated": "2023-05-28T14:35:19.660Z", "producto_color": [7, 23, 24], "producto_marca": [4], "producto_ajuste": [1], "producto_tipo_prenda": [12, 13]}}, {"model": "productos.producto", "pk": 26, "fields": {"nombre": "Camiseta Rip N Dip Mona Lisa", "referencia": "CAM42567", "descripcion": "La camiseta de la marca Rip N Dip con estampado de la Mona Lisa es una prenda que combina el arte clásico con un toque contemporáneo y urbano. Esta camiseta captura la atención con su diseño audaz y original, que presenta una interpretación única de la famosa pintura de Leonardo da Vinci.\r\n\r\nEl estampado de la Mona Lisa en la camiseta destaca por su estilo llamativo y creativo. La icónica figura de la Mona Lisa ha sido reinterpretada con elementos modernos y un enfoque artístico propio de la marca Rip N Dip. El resultado es una fusión entre la historia del arte y la moda urbana, creando una pieza única y vanguardista.\r\n\r\nLa camiseta está confeccionada con materiales de alta calidad, lo que garantiza una sensación suave y cómoda al usarla. Su corte y ajuste están diseñados para brindar comodidad y estilo, adaptándose a diferentes siluetas y ofreciendo libertad de movimiento.", "categoria": 2, "imagen": "productos/camiseta-rip-n-dip-turquesa.webp", "precio": "34.00", "oferta": false, "precio_oferta": null, "created": "2023-05-28T14:40:16.282Z", "updated": "2023-05-28T14:41:39.005Z", "producto_color": [7, 8, 25, 26], "producto_marca": [7], "producto_ajuste": [5], "producto_tipo_prenda": [12, 13]}}, {"model": "productos.producto", "pk": 27, "fields": {"nombre": "Sudadera Heart Sweat", "referencia": "SUD45213", "descripcion": "La sudadera con capucha Heart Sweatshirt está confeccionada en punto de algodón de alto gramaje, cepillado para darle un aspecto de forro polar. Tiene un corte globo, lo que significa que su silueta es un poco más holgada y cuadrada, pero también se caracteriza por los hombros caídos y los ribetes de canalé. Los estampados gráficos de temporada aparecen en el pecho y la espalda.", "categoria": 2, "imagen": "productos/hooded-heart-sweat-ash-heather-1371.jpeg", "precio": "119.00", "oferta": false, "precio_oferta": null, "created": "2023-05-28T14:44:48.969Z", "updated": "2023-05-28T14:44:48.969Z", "producto_color": [13, 27], "producto_marca": [4], "producto_ajuste": [1], "producto_tipo_prenda": [14]}}, {"model": "productos.producto", "pk": 28, "fields": {"nombre": "Sudadera Rip N Dip Mona Lisa", "referencia": "SUD32451", "descripcion": "La sudadera verde pino de la marca Rip N Dip con estampado de la Mona Lisa es una prenda de moda urbana que combina estilo, comodidad y un toque artístico. Esta sudadera es perfecta para aquellos que buscan destacar con un look audaz y original.\r\n\r\nEl color verde pino de la sudadera agrega un elemento de frescura y naturalidad a tu estilo. Es un tono llamativo que te permitirá destacar entre la multitud y agregar un toque de originalidad a tus conjuntos.\r\n\r\nEl estampado de la Mona Lisa en la sudadera es una combinación única entre el arte clásico y la moda urbana. La icónica imagen de la Mona Lisa ha sido reinterpretada con un enfoque creativo propio de la marca Rip N Dip. Este estampado captura la atención y añade un elemento artístico y vanguardista a la sudadera.\r\n\r\nLa sudadera está confeccionada con materiales de alta calidad que garantizan su durabilidad y comodidad. Su ajuste relajado y suave interior te mantendrán abrigado y cómodo en cualquier ocasión.", "categoria": 2, "imagen": "productos/sudadera-verde-rip-n-dip.webp", "precio": "79.80", "oferta": false, "precio_oferta": null, "created": "2023-05-28T14:48:42.665Z", "updated": "2023-05-28T14:48:42.665Z", "producto_color": [7, 8, 26, 28], "producto_marca": [7], "producto_ajuste": [1], "producto_tipo_prenda": [14]}}, {"model": "productos.producto", "pk": 29, "fields": {"nombre": "Sudadera cuello redondo adidas Rekive", "referencia": "SUD34212", "descripcion": "La sudadera de cuello redondo Rekive es adidas en estado puro. Comodidad. Estilo deportivo. Y, por supuesto, las 3 bandas y el trébol que nunca pueden faltar. Su diseño minimalista presenta detalles en contraste que le aportan la dosis perfecta de atrevimiento.\r\n\r\nNuestros productos de algodón se han fabricado de forma sostenible.", "categoria": 2, "imagen": "productos/Sudadera_cuello_redondo_adidas_Rekive_Violeta_HR8581_01_laydown.jpg", "precio": "65.00", "oferta": null, "precio_oferta": null, "created": "2023-05-28T14:51:38.556Z", "updated": "2023-05-28T14:51:38.556Z", "producto_color": [7, 29], "producto_marca": [5], "producto_ajuste": [2], "producto_tipo_prenda": [14]}}, {"model": "productos.producto", "pk": 30, "fields": {"nombre": "Sudadera HUF x Goodyear Team Huf Crewneck", "referencia": "SUD12093", "descripcion": "Los gráficos icónicos de Goodyear y su innovación en los deportes de motor los han convertido en un elemento básico del estilo americano. HUF x Goodyear se inspira en su rico legado en el mundo de la competición y mezcla atrevidos toques de color y gráficos tecnológicos con un diseño moderno y detalles cuidados.", "categoria": 2, "imagen": "productos/TEAM-HUF-CREWNECK_HEATHER-GREY-_PF00632_HTGRY_01_1200x.webp", "precio": "99.00", "oferta": false, "precio_oferta": null, "created": "2023-05-28T14:55:35.324Z", "updated": "2023-05-28T14:55:35.324Z", "producto_color": [3, 23, 27], "producto_marca": [9], "producto_ajuste": [1], "producto_tipo_prenda": [14]}}, {"model": "productos.producto_talla", "pk": 1, "fields": {"producto": 1, "talla": 1, "cantidad": 1}}, {"model": "productos.producto_talla", "pk": 2, "fields": {"producto": 3, "talla": 2, "cantidad": 3}}, {"model": "productos.producto_talla", "pk": 3, "fields": {"producto": 4, "talla": 2, "cantidad": 1}}, {"model": "productos.producto_talla", "pk": 4, "fields": {"producto": 5, "talla": 1, "cantidad": 5}}, {"model": "productos.producto_talla", "pk": 5, "fields": {"producto": 30, "talla": 2, "cantidad": 2}}, {"model": "productos.producto_talla", "pk": 6, "fields": {"producto": 30, "talla": 3, "cantidad": 5}}, {"model": "productos.producto_talla", "pk": 7, "fields": {"producto": 29, "talla": 4, "cantidad": 6}}, {"model": "productos.producto_talla", "pk": 8, "fields": {"producto": 28, "talla": 2, "cantidad": 2}}, {"model": "productos.producto_talla", "pk": 9, "fields": {"producto": 28, "talla": 5, "cantidad": 7}}, {"model": "productos.producto_talla", "pk": 10, "fields": {"producto": 6, "talla": 6, "cantidad": 3}}, {"model": "productos.producto_talla", "pk": 11, "fields": {"producto": 7, "talla": 7, "cantidad": 8}}, {"model": "productos.producto_talla", "pk": 12, "fields": {"producto": 9, "talla": 4, "cantidad": 4}}, {"model": "productos.producto_talla", "pk": 13, "fields": {"producto": 11, "talla": 2, "cantidad": 9}}, {"model": "productos.producto_talla", "pk": 14, "fields": {"producto": 6, "talla": 8, "cantidad": 12}}, {"model": "productos.producto_talla", "pk": 15, "fields": {"producto": 8, "talla": 4, "cantidad": 4}}, {"model": "productos.producto_talla", "pk": 16, "fields": {"producto": 15, "talla": 3, "cantidad": 14}}, {"model": "productos.producto_talla", "pk": 17, "fields": {"producto": 12, "talla": 2, "cantidad": 16}}, {"model": "productos.producto_talla", "pk": 18, "fields": {"producto": 20, "talla": 9, "cantidad": 14}}, {"model": "productos.producto_talla", "pk": 19, "fields": {"producto": 21, "talla": 9, "cantidad": 5}}, {"model": "productos.producto_talla", "pk": 20, "fields": {"producto": 24, "talla": 2, "cantidad": 18}}, {"model": "productos.producto_talla", "pk": 21, "fields": {"producto": 25, "talla": 4, "cantidad": 16}}, {"model": "productos.producto_talla", "pk": 22, "fields": {"producto": 17, "talla": 4, "cantidad": 5}}, {"model": "productos.producto_talla", "pk": 23, "fields": {"producto": 18, "talla": 9, "cantidad": 23}}, {"model": "productos.producto_destacado", "pk": 5, "fields": {}}, {"model": "usuarios.categoria_usuario", "pk": 1, "fields": {"categoria": "usuario", "created": "2023-05-23T10:39:52.892Z", "updated": "2023-05-23T10:39:52.892Z"}}, {"model": "usuarios.custom_user", "pk": 1, "fields": {"password": "pbkdf2_sha256$600000$0srhRLSCJVYjU0IZNdKAAT$LRagEEIlk6r6WrOQLUNv+iOmtn9a+XjEC8d+RmNkAm8=", "last_login": "2023-05-23T10:46:05.627Z", "is_superuser": true, "username": "admin", "first_name": "", "last_name": "", "is_staff": true, "is_active": true, "date_joined": "2023-05-23T10:44:53.852Z", "telefono": null, "email": "admin@correo.es", "categoria": 1, "created": "2023-05-23T10:44:54.097Z", "updated": "2023-05-23T10:44:54.097Z", "groups": [], "user_permissions": []}}, {"model": "admin.logentry", "pk": 1, "fields": {"action_time": "2023-05-23T10:50:04.646Z", "user": 1, "content_type": 6, "object_id": "1", "object_repr": "Rojo", "action_flag": 1, "change_message": "[{\"added\": {}}]"}}, {"model": "admin.logentry", "pk": 2, "fields": {"action_time": "2023-05-23T10:50:41.062Z", "user": 1, "content_type": 6, "object_id": "2", "object_repr": "Blanco", "action_flag": 1, "change_message": "[{\"added\": {}}]"}}, {"model": "admin.logentry", "pk": 3, "fields": {"action_time": "2023-05-23T10:50:53.731Z", "user": 1, "content_type": 7, "object_id": "1", "object_repr": "Jordan", "action_flag": 1, "change_message": "[{\"added\": {}}]"}}, {"model": "admin.logentry", "pk": 4, "fields": {"action_time": "2023-05-23T10:51:18.499Z", "user": 1, "content_type": 4, "object_id": "1", "object_repr": "Ancho", "action_flag": 1, "change_message": "[{\"added\": {}}]"}}, {"model": "admin.logentry", "pk": 5, "fields": {"action_time": "2023-05-23T10:51:35.218Z", "user": 1, "content_type": 5, "object_id": "1", "object_repr": "Zapatillas", "action_flag": 1, "change_message": "[{\"added\": {}}]"}}, {"model": "admin.logentry", "pk": 6, "fields": {"action_time": "2023-05-23T10:51:39.444Z", "user": 1, "content_type": 10, "object_id": "1", "object_repr": "Deportiva", "action_flag": 1, "change_message": "[{\"added\": {}}]"}}, {"model": "admin.logentry", "pk": 7, "fields": {"action_time": "2023-05-23T10:51:59.790Z", "user": 1, "content_type": 8, "object_id": "1", "object_repr": "Jordan 1 High Lost and Found, ZAP32434", "action_flag": 1, "change_message": "[{\"added\": {}}]"}}, {"model": "admin.logentry", "pk": 8, "fields": {"action_time": "2023-05-23T10:52:17.656Z", "user": 1, "content_type": 9, "object_id": "1", "object_repr": "43", "action_flag": 1, "change_message": "[{\"added\": {}}]"}}, {"model": "admin.logentry", "pk": 9, "fields": {"action_time": "2023-05-23T10:52:21.693Z", "user": 1, "content_type": 11, "object_id": "1", "object_repr": "Jordan 1 High Lost and Found, ZAP32434. Talla 43, 5 uds.", "action_flag": 1, "change_message": "[{\"added\": {}}]"}}, {"model": "admin.logentry", "pk": 10, "fields": {"action_time": "2023-05-23T10:53:17.320Z", "user": 1, "content_type": 11, "object_id": "1", "object_repr": "Jordan 1 High Lost and Found, ZAP32434. Talla 43, 0 uds.", "action_flag": 2, "change_message": "[{\"changed\": {\"fields\": [\"Cantidad\"]}}]"}}, {"model": "admin.logentry", "pk": 11, "fields": {"action_time": "2023-05-23T10:53:34.773Z", "user": 1, "content_type": 11, "object_id": "1", "object_repr": "Jordan 1 High Lost and Found, ZAP32434. Talla 43, 1 uds.", "action_flag": 2, "change_message": "[{\"changed\": {\"fields\": [\"Cantidad\"]}}]"}}, {"model": "admin.logentry", "pk": 12, "fields": {"action_time": "2023-05-23T10:56:42.021Z", "user": 1, "content_type": 5, "object_id": "2", "object_repr": "Superior", "action_flag": 1, "change_message": "[{\"added\": {}}]"}}, {"model": "admin.logentry", "pk": 13, "fields": {"action_time": "2023-05-23T10:57:49.307Z", "user": 1, "content_type": 6, "object_id": "3", "object_repr": "Negro", "action_flag": 1, "change_message": "[{\"added\": {}}]"}}, {"model": "admin.logentry", "pk": 14, "fields": {"action_time": "2023-05-23T10:58:01.189Z", "user": 1, "content_type": 7, "object_id": "2", "object_repr": "Stüssy", "action_flag": 1, "change_message": "[{\"added\": {}}]"}}, {"model": "admin.logentry", "pk": 15, "fields": {"action_time": "2023-05-23T10:58:20.957Z", "user": 1, "content_type": 4, "object_id": "2", "object_repr": "Regular", "action_flag": 1, "change_message": "[{\"added\": {}}]"}}, {"model": "admin.logentry", "pk": 16, "fields": {"action_time": "2023-05-23T10:58:38.205Z", "user": 1, "content_type": 10, "object_id": "2", "object_repr": "Chaqueta", "action_flag": 1, "change_message": "[{\"added\": {}}]"}}, {"model": "admin.logentry", "pk": 17, "fields": {"action_time": "2023-05-23T10:58:40.683Z", "user": 1, "content_type": 8, "object_id": "2", "object_repr": "Stüssy 8 ball, SUP12345", "action_flag": 1, "change_message": "[{\"added\": {}}]"}}, {"model": "admin.logentry", "pk": 18, "fields": {"action_time": "2023-05-27T16:04:11.776Z", "user": 1, "content_type": 6, "object_id": "4", "object_repr": "Azul artico", "action_flag": 1, "change_message": "[{\"added\": {}}]"}}, {"model": "admin.logentry", "pk": 19, "fields": {"action_time": "2023-05-27T16:05:41.047Z", "user": 1, "content_type": 7, "object_id": "3", "object_repr": "The north face", "action_flag": 1, "change_message": "[{\"added\": {}}]"}}, {"model": "admin.logentry", "pk": 20, "fields": {"action_time": "2023-05-27T16:06:06.212Z", "user": 1, "content_type": 10, "object_id": "3", "object_repr": "Abrigo", "action_flag": 1, "change_message": "[{\"added\": {}}]"}}, {"model": "admin.logentry", "pk": 21, "fields": {"action_time": "2023-05-27T16:06:10.077Z", "user": 1, "content_type": 8, "object_id": "3", "object_repr": "Nuptse Retro 1996, ABR56785", "action_flag": 1, "change_message": "[{\"added\": {}}]"}}, {"model": "admin.logentry", "pk": 22, "fields": {"action_time": "2023-05-27T16:10:12.406Z", "user": 1, "content_type": 4, "object_id": "3", "object_repr": "Carhartt", "action_flag": 1, "change_message": "[{\"added\": {}}]"}}, {"model": "admin.logentry", "pk": 23, "fields": {"action_time": "2023-05-27T16:10:32.241Z", "user": 1, "content_type": 7, "object_id": "4", "object_repr": "Carhartt", "action_flag": 1, "change_message": "[{\"added\": {}}]"}}, {"model": "admin.logentry", "pk": 24, "fields": {"action_time": "2023-05-27T16:10:41.953Z", "user": 1, "content_type": 8, "object_id": "4", "object_repr": "Terrell Jacket, CHA34234", "action_flag": 1, "change_message": "[{\"added\": {}}]"}}, {"model": "admin.logentry", "pk": 25, "fields": {"action_time": "2023-05-27T16:13:02.309Z", "user": 1, "content_type": 6, "object_id": "5", "object_repr": "Hyper Blue", "action_flag": 1, "change_message": "[{\"added\": {}}]"}}, {"model": "admin.logentry", "pk": 26, "fields": {"action_time": "2023-05-27T16:13:19.390Z", "user": 1, "content_type": 8, "object_id": "5", "object_repr": "1 Retro High OG Hyper Royal, ZAP95867", "action_flag": 1, "change_message": "[{\"added\": {}}]"}}, {"model": "admin.logentry", "pk": 27, "fields": {"action_time": "2023-05-27T16:13:36.286Z", "user": 1, "content_type": 8, "object_id": "1", "object_repr": "Jordan 1 High Lost and Found, ZAP32434", "action_flag": 2, "change_message": "[{\"changed\": {\"fields\": [\"Oferta\", \"Precio oferta\"]}}]"}}, {"model": "admin.logentry", "pk": 28, "fields": {"action_time": "2023-05-27T16:15:36.243Z", "user": 1, "content_type": 9, "object_id": "2", "object_repr": "XL", "action_flag": 1, "change_message": "[{\"added\": {}}]"}}, {"model": "admin.logentry", "pk": 29, "fields": {"action_time": "2023-05-27T16:15:40.954Z", "user": 1, "content_type": 11, "object_id": "2", "object_repr": "Nuptse Retro 1996, ABR56785. Talla XL, 3 uds.", "action_flag": 1, "change_message": "[{\"added\": {}}]"}}, {"model": "admin.logentry", "pk": 30, "fields": {"action_time": "2023-05-27T16:15:53.912Z", "user": 1, "content_type": 11, "object_id": "3", "object_repr": "Terrell Jacket, CHA34234. Talla XL, 1 uds.", "action_flag": 1, "change_message": "[{\"added\": {}}]"}}, {"model": "admin.logentry", "pk": 31, "fields": {"action_time": "2023-05-27T16:16:06.264Z", "user": 1, "content_type": 11, "object_id": "4", "object_repr": "1 Retro High OG Hyper Royal, ZAP95867. Talla 43, 5 uds.", "action_flag": 1, "change_message": "[{\"added\": {}}]"}}, {"model": "admin.logentry", "pk": 32, "fields": {"action_time": "2023-05-27T16:57:54.961Z", "user": 1, "content_type": 8, "object_id": "5", "object_repr": "1 Retro High OG Hyper Royal, ZAP95867", "action_flag": 2, "change_message": "[{\"changed\": {\"fields\": [\"Descripcion\"]}}]"}}, {"model": "admin.logentry", "pk": 33, "fields": {"action_time": "2023-05-27T19:12:13.474Z", "user": 1, "content_type": 7, "object_id": "5", "object_repr": "Adidas", "action_flag": 1, "change_message": "[{\"added\": {}}]"}}, {"model": "admin.logentry", "pk": 34, "fields": {"action_time": "2023-05-27T19:12:32.896Z", "user": 1, "content_type": 8, "object_id": "6", "object_repr": "Addidas Samba, ZAP47586", "action_flag": 1, "change_message": "[{\"added\": {}}]"}}, {"model": "admin.logentry", "pk": 35, "fields": {"action_time": "2023-05-28T11:22:33.430Z", "user": 1, "content_type": 28, "object_id": "4", "object_repr": "Terrell Jacket, CHA34234", "action_flag": 1, "change_message": "[{\"added\": {}}]"}}, {"model": "admin.logentry", "pk": 36, "fields": {"action_time": "2023-05-28T11:24:36.280Z", "user": 1, "content_type": 6, "object_id": "1", "object_repr": "rojo-burdeos", "action_flag": 2, "change_message": "[{\"changed\": {\"fields\": [\"Descripcion\"]}}]"}}, {"model": "admin.logentry", "pk": 37, "fields": {"action_time": "2023-05-28T11:24:51.096Z", "user": 1, "content_type": 6, "object_id": "2", "object_repr": "blanco-huevo", "action_flag": 2, "change_message": "[{\"changed\": {\"fields\": [\"Descripcion\"]}}]"}}, {"model": "admin.logentry", "pk": 38, "fields": {"action_time": "2023-05-28T11:25:05.211Z", "user": 1, "content_type": 6, "object_id": "3", "object_repr": "negro-jaspeado", "action_flag": 2, "change_message": "[{\"changed\": {\"fields\": [\"Descripcion\"]}}]"}}, {"model": "admin.logentry", "pk": 39, "fields": {"action_time": "2023-05-28T11:25:15.614Z", "user": 1, "content_type": 6, "object_id": "4", "object_repr": "azul-artico", "action_flag": 2, "change_message": "[{\"changed\": {\"fields\": [\"Descripcion\"]}}]"}}, {"model": "admin.logentry", "pk": 40, "fields": {"action_time": "2023-05-28T11:25:27.379Z", "user": 1, "content_type": 6, "object_id": "5", "object_repr": "azul-hyper", "action_flag": 2, "change_message": "[{\"changed\": {\"fields\": [\"Descripcion\"]}}]"}}, {"model": "admin.logentry", "pk": 41, "fields": {"action_time": "2023-05-28T11:30:30.258Z", "user": 1, "content_type": 6, "object_id": "6", "object_repr": "blanco-perla", "action_flag": 1, "change_message": "[{\"added\": {}}]"}}, {"model": "admin.logentry", "pk": 42, "fields": {"action_time": "2023-05-28T11:30:50.099Z", "user": 1, "content_type": 8, "object_id": "4", "object_repr": "Terrell Jacket, CHA34234", "action_flag": 2, "change_message": "[{\"changed\": {\"fields\": [\"Color(es) del producto\"]}}]"}}, {"model": "admin.logentry", "pk": 43, "fields": {"action_time": "2023-05-28T11:32:20.320Z", "user": 1, "content_type": 6, "object_id": "7", "object_repr": "blanco", "action_flag": 1, "change_message": "[{\"added\": {}}]"}}, {"model": "admin.logentry", "pk": 44, "fields": {"action_time": "2023-05-28T11:32:47.942Z", "user": 1, "content_type": 6, "object_id": "8", "object_repr": "marron", "action_flag": 1, "change_message": "[{\"added\": {}}]"}}, {"model": "admin.logentry", "pk": 45, "fields": {"action_time": "2023-05-28T11:33:05.451Z", "user": 1, "content_type": 8, "object_id": "6", "object_repr": "Adidas Samba, ZAP47586", "action_flag": 2, "change_message": "[{\"changed\": {\"fields\": [\"Nombre\", \"Color(es) del producto\"]}}]"}}, {"model": "admin.logentry", "pk": 46, "fields": {"action_time": "2023-05-28T11:33:48.803Z", "user": 1, "content_type": 8, "object_id": "5", "object_repr": "1 Retro High OG Hyper Royal, ZAP95867", "action_flag": 2, "change_message": "[{\"changed\": {\"fields\": [\"Color(es) del producto\"]}}]"}}, {"model": "admin.logentry", "pk": 47, "fields": {"action_time": "2023-05-28T11:34:13.166Z", "user": 1, "content_type": 6, "object_id": "9", "object_repr": "gris", "action_flag": 1, "change_message": "[{\"added\": {}}]"}}, {"model": "admin.logentry", "pk": 48, "fields": {"action_time": "2023-05-28T11:34:14.799Z", "user": 1, "content_type": 8, "object_id": "5", "object_repr": "1 Retro High OG Hyper Royal, ZAP95867", "action_flag": 2, "change_message": "[{\"changed\": {\"fields\": [\"Color(es) del producto\"]}}]"}}, {"model": "admin.logentry", "pk": 49, "fields": {"action_time": "2023-05-28T11:34:46.261Z", "user": 1, "content_type": 8, "object_id": "1", "object_repr": "Jordan 1 High Lost and Found, ZAP32434", "action_flag": 2, "change_message": "[{\"changed\": {\"fields\": [\"Color(es) del producto\"]}}]"}}, {"model": "admin.logentry", "pk": 50, "fields": {"action_time": "2023-05-28T11:35:36.976Z", "user": 1, "content_type": 6, "object_id": "10", "object_repr": "blanco-crema", "action_flag": 1, "change_message": "[{\"added\": {}}]"}}, {"model": "admin.logentry", "pk": 51, "fields": {"action_time": "2023-05-28T11:35:50.351Z", "user": 1, "content_type": 8, "object_id": "2", "object_repr": "Stüssy 8 ball, SUP12345", "action_flag": 2, "change_message": "[{\"changed\": {\"fields\": [\"Color(es) del producto\"]}}]"}}, {"model": "admin.logentry", "pk": 52, "fields": {"action_time": "2023-05-28T11:38:23.825Z", "user": 1, "content_type": 28, "object_id": "3", "object_repr": "Nuptse Retro 1996, ABR56785", "action_flag": 2, "change_message": "[{\"changed\": {\"fields\": [\"Producto destacado\"]}}]"}}, {"model": "admin.logentry", "pk": 53, "fields": {"action_time": "2023-05-28T11:38:38.604Z", "user": 1, "content_type": 28, "object_id": "5", "object_repr": "1 Retro High OG Hyper Royal, ZAP95867", "action_flag": 2, "change_message": "[{\"changed\": {\"fields\": [\"Producto destacado\"]}}]"}}, {"model": "admin.logentry", "pk": 54, "fields": {"action_time": "2023-05-28T11:39:34.431Z", "user": 1, "content_type": 28, "object_id": "3", "object_repr": "Nuptse Retro 1996, ABR56785", "action_flag": 2, "change_message": "[{\"changed\": {\"fields\": [\"Producto destacado\"]}}]"}}, {"model": "admin.logentry", "pk": 55, "fields": {"action_time": "2023-05-28T11:40:10.312Z", "user": 1, "content_type": 28, "object_id": "5", "object_repr": "1 Retro High OG Hyper Royal, ZAP95867", "action_flag": 2, "change_message": "[{\"changed\": {\"fields\": [\"Producto destacado\"]}}]"}}, {"model": "admin.logentry", "pk": 56, "fields": {"action_time": "2023-05-28T11:42:11.176Z", "user": 1, "content_type": 6, "object_id": "11", "object_repr": "morado", "action_flag": 1, "change_message": "[{\"added\": {}}]"}}, {"model": "admin.logentry", "pk": 57, "fields": {"action_time": "2023-05-28T11:42:39.700Z", "user": 1, "content_type": 6, "object_id": "12", "object_repr": "blanco-fluorescente", "action_flag": 1, "change_message": "[{\"added\": {}}]"}}, {"model": "admin.logentry", "pk": 58, "fields": {"action_time": "2023-05-28T11:42:51.620Z", "user": 1, "content_type": 4, "object_id": "4", "object_repr": "Nike", "action_flag": 1, "change_message": "[{\"added\": {}}]"}}, {"model": "admin.logentry", "pk": 59, "fields": {"action_time": "2023-05-28T11:43:07.684Z", "user": 1, "content_type": 7, "object_id": "6", "object_repr": "Nike", "action_flag": 1, "change_message": "[{\"added\": {}}]"}}, {"model": "admin.logentry", "pk": 60, "fields": {"action_time": "2023-05-28T11:43:56.747Z", "user": 1, "content_type": 8, "object_id": "7", "object_repr": "Nike Air Force 1 Low Purple Skeleton Halloween 2021, ZAP23459", "action_flag": 1, "change_message": "[{\"added\": {}}]"}}, {"model": "admin.logentry", "pk": 61, "fields": {"action_time": "2023-05-28T11:48:37.731Z", "user": 1, "content_type": 5, "object_id": "3", "object_repr": "Inferior", "action_flag": 1, "change_message": "[{\"added\": {}}]"}}, {"model": "admin.logentry", "pk": 62, "fields": {"action_time": "2023-05-28T11:48:43.667Z", "user": 1, "content_type": 10, "object_id": "4", "object_repr": "Vaqueros", "action_flag": 1, "change_message": "[{\"added\": {}}]"}}, {"model": "admin.logentry", "pk": 63, "fields": {"action_time": "2023-05-28T11:53:37.597Z", "user": 1, "content_type": 10, "object_id": "5", "object_repr": "Largos", "action_flag": 1, "change_message": "[{\"added\": {}}]"}}, {"model": "admin.logentry", "pk": 64, "fields": {"action_time": "2023-05-28T11:53:50.530Z", "user": 1, "content_type": 7, "object_id": "7", "object_repr": "Rip n dip", "action_flag": 1, "change_message": "[{\"added\": {}}]"}}, {"model": "admin.logentry", "pk": 65, "fields": {"action_time": "2023-05-28T11:56:52.428Z", "user": 1, "content_type": 5, "object_id": "4", "object_repr": "Accesorios", "action_flag": 1, "change_message": "[{\"added\": {}}]"}}, {"model": "admin.logentry", "pk": 66, "fields": {"action_time": "2023-05-28T12:00:02.943Z", "user": 1, "content_type": 8, "object_id": "8", "object_repr": "Rip N Dip Skelly Nerm Black Wash, PAN76904", "action_flag": 1, "change_message": "[{\"added\": {}}]"}}, {"model": "admin.logentry", "pk": 67, "fields": {"action_time": "2023-05-28T12:00:41.487Z", "user": 1, "content_type": 8, "object_id": "8", "object_repr": "Rip N Dip Skelly Nerm Black Wash, PAN76904", "action_flag": 2, "change_message": "[{\"changed\": {\"fields\": [\"Descripcion\"]}}]"}}, {"model": "admin.logentry", "pk": 68, "fields": {"action_time": "2023-05-28T12:04:36.787Z", "user": 1, "content_type": 7, "object_id": "8", "object_repr": "Grimey", "action_flag": 1, "change_message": "[{\"added\": {}}]"}}, {"model": "admin.logentry", "pk": 69, "fields": {"action_time": "2023-05-28T12:04:43.733Z", "user": 1, "content_type": 8, "object_id": "9", "object_repr": "Vaquero Grimey SNOW FOX, PAN23681", "action_flag": 1, "change_message": "[{\"added\": {}}]"}}, {"model": "admin.logentry", "pk": 70, "fields": {"action_time": "2023-05-28T12:07:56.865Z", "user": 1, "content_type": 8, "object_id": "10", "object_repr": "Carhartt Single Knee Pant - Faded, PAN67483", "action_flag": 1, "change_message": "[{\"added\": {}}]"}}, {"model": "admin.logentry", "pk": 71, "fields": {"action_time": "2023-05-28T12:09:00.098Z", "user": 1, "content_type": 8, "object_id": "10", "object_repr": "Carhartt Single Knee Pant - Faded, PAN67483", "action_flag": 2, "change_message": "[{\"changed\": {\"fields\": [\"Descripcion\"]}}]"}}, {"model": "admin.logentry", "pk": 72, "fields": {"action_time": "2023-05-28T12:09:11.110Z", "user": 1, "content_type": 8, "object_id": "10", "object_repr": "Carhartt Single Knee Pant - Faded, PAN67483", "action_flag": 2, "change_message": "[{\"changed\": {\"fields\": [\"Descripcion\"]}}]"}}, {"model": "admin.logentry", "pk": 73, "fields": {"action_time": "2023-05-28T12:11:22.320Z", "user": 1, "content_type": 8, "object_id": "11", "object_repr": "Carhartt Nash DK Pant, PAN23980", "action_flag": 1, "change_message": "[{\"added\": {}}]"}}, {"model": "admin.logentry", "pk": 74, "fields": {"action_time": "2023-05-28T12:14:15.957Z", "user": 1, "content_type": 6, "object_id": "13", "object_repr": "rojo-marvel", "action_flag": 1, "change_message": "[{\"added\": {}}]"}}, {"model": "admin.logentry", "pk": 75, "fields": {"action_time": "2023-05-28T12:14:41.898Z", "user": 1, "content_type": 7, "object_id": "9", "object_repr": "Huf", "action_flag": 1, "change_message": "[{\"added\": {}}]"}}, {"model": "admin.logentry", "pk": 76, "fields": {"action_time": "2023-05-28T12:14:59.491Z", "user": 1, "content_type": 10, "object_id": "6", "object_repr": "Chandal", "action_flag": 1, "change_message": "[{\"added\": {}}]"}}, {"model": "admin.logentry", "pk": 77, "fields": {"action_time": "2023-05-28T12:15:04.920Z", "user": 1, "content_type": 8, "object_id": "12", "object_repr": "Chandal HUF Amazing Spider-Man, PAN05623", "action_flag": 1, "change_message": "[{\"added\": {}}]"}}, {"model": "admin.logentry", "pk": 78, "fields": {"action_time": "2023-05-28T12:18:57.584Z", "user": 1, "content_type": 10, "object_id": "7", "object_repr": "Cortos", "action_flag": 1, "change_message": "[{\"added\": {}}]"}}, {"model": "admin.logentry", "pk": 79, "fields": {"action_time": "2023-05-28T12:19:00.385Z", "user": 1, "content_type": 8, "object_id": "13", "object_repr": "Pantalon Corto Grimey Fire Route, PAN54320", "action_flag": 1, "change_message": "[{\"added\": {}}]"}}, {"model": "admin.logentry", "pk": 80, "fields": {"action_time": "2023-05-28T12:19:44.082Z", "user": 1, "content_type": 8, "object_id": "13", "object_repr": "Pantalon Corto Grimey Fire Route, PAN54320", "action_flag": 2, "change_message": "[{\"changed\": {\"fields\": [\"Foto producto\"]}}]"}}, {"model": "admin.logentry", "pk": 81, "fields": {"action_time": "2023-05-28T12:22:33.895Z", "user": 1, "content_type": 8, "object_id": "14", "object_repr": "Pantalon Corto Grimey Fire Route, PAN01237", "action_flag": 1, "change_message": "[{\"added\": {}}]"}}, {"model": "admin.logentry", "pk": 82, "fields": {"action_time": "2023-05-28T12:23:28.318Z", "user": 1, "content_type": 8, "object_id": "13", "object_repr": "Pantalon Corto Grimey Osiris Route, PAN54320", "action_flag": 2, "change_message": "[{\"changed\": {\"fields\": [\"Nombre\", \"Descripcion\"]}}]"}}, {"model": "admin.logentry", "pk": 83, "fields": {"action_time": "2023-05-28T12:30:52.488Z", "user": 1, "content_type": 8, "object_id": "15", "object_repr": "Carhartt Landon Short, PAN56124", "action_flag": 1, "change_message": "[{\"added\": {}}]"}}, {"model": "admin.logentry", "pk": 84, "fields": {"action_time": "2023-05-28T12:34:14.586Z", "user": 1, "content_type": 6, "object_id": "14", "object_repr": "azul-lavado", "action_flag": 1, "change_message": "[{\"added\": {}}]"}}, {"model": "admin.logentry", "pk": 85, "fields": {"action_time": "2023-05-28T12:34:35.480Z", "user": 1, "content_type": 8, "object_id": "16", "object_repr": "Carhartt Single Knee Short, PAN85832", "action_flag": 1, "change_message": "[{\"added\": {}}]"}}, {"model": "admin.logentry", "pk": 86, "fields": {"action_time": "2023-05-28T14:02:34.995Z", "user": 1, "content_type": 6, "object_id": "15", "object_repr": "verde-turquesa", "action_flag": 1, "change_message": "[{\"added\": {}}]"}}, {"model": "admin.logentry", "pk": 87, "fields": {"action_time": "2023-05-28T14:03:28.278Z", "user": 1, "content_type": 4, "object_id": "5", "object_repr": "Ajustado", "action_flag": 1, "change_message": "[{\"added\": {}}]"}}, {"model": "admin.logentry", "pk": 88, "fields": {"action_time": "2023-05-28T14:04:01.938Z", "user": 1, "content_type": 10, "object_id": "8", "object_repr": "Ropa Interior", "action_flag": 1, "change_message": "[{\"added\": {}}]"}}, {"model": "admin.logentry", "pk": 89, "fields": {"action_time": "2023-05-28T14:04:09.599Z", "user": 1, "content_type": 8, "object_id": "17", "object_repr": "Calzoncillos Rip N Dip, ACC83942", "action_flag": 1, "change_message": "[{\"added\": {}}]"}}, {"model": "admin.logentry", "pk": 90, "fields": {"action_time": "2023-05-28T14:09:10.958Z", "user": 1, "content_type": 6, "object_id": "16", "object_repr": "negro-perlado", "action_flag": 1, "change_message": "[{\"added\": {}}]"}}, {"model": "admin.logentry", "pk": 91, "fields": {"action_time": "2023-05-28T14:09:48.592Z", "user": 1, "content_type": 10, "object_id": "9", "object_repr": "Gorras", "action_flag": 1, "change_message": "[{\"added\": {}}]"}}, {"model": "admin.logentry", "pk": 92, "fields": {"action_time": "2023-05-28T14:09:56.431Z", "user": 1, "content_type": 8, "object_id": "18", "object_repr": "Gorra Grimey \"Gem Cutting\" 5 Panels, ACC45632", "action_flag": 1, "change_message": "[{\"added\": {}}]"}}, {"model": "admin.logentry", "pk": 93, "fields": {"action_time": "2023-05-28T14:12:01.757Z", "user": 1, "content_type": 6, "object_id": "17", "object_repr": "marron-claro", "action_flag": 1, "change_message": "[{\"added\": {}}]"}}, {"model": "admin.logentry", "pk": 94, "fields": {"action_time": "2023-05-28T14:12:41.951Z", "user": 1, "content_type": 10, "object_id": "10", "object_repr": "Cinturones", "action_flag": 1, "change_message": "[{\"added\": {}}]"}}, {"model": "admin.logentry", "pk": 95, "fields": {"action_time": "2023-05-28T14:12:43.681Z", "user": 1, "content_type": 8, "object_id": "19", "object_repr": "Cinturon Clip Carhartt, ACC94023", "action_flag": 1, "change_message": "[{\"added\": {}}]"}}, {"model": "admin.logentry", "pk": 96, "fields": {"action_time": "2023-05-28T14:14:55.884Z", "user": 1, "content_type": 10, "object_id": "11", "object_repr": "Complementos", "action_flag": 1, "change_message": "[{\"added\": {}}]"}}, {"model": "admin.logentry", "pk": 97, "fields": {"action_time": "2023-05-28T14:16:59.357Z", "user": 1, "content_type": 6, "object_id": "18", "object_repr": "plata", "action_flag": 1, "change_message": "[{\"added\": {}}]"}}, {"model": "admin.logentry", "pk": 98, "fields": {"action_time": "2023-05-28T14:17:10.290Z", "user": 1, "content_type": 8, "object_id": "20", "object_repr": "Collar de plata Rip N Dip, ACC09323", "action_flag": 1, "change_message": "[{\"added\": {}}]"}}, {"model": "admin.logentry", "pk": 99, "fields": {"action_time": "2023-05-28T14:17:38.647Z", "user": 1, "content_type": 8, "object_id": "19", "object_repr": "Cinturon Clip Carhartt, ACC94023", "action_flag": 2, "change_message": "[{\"changed\": {\"fields\": [\"Tipo de prenda\"]}}]"}}, {"model": "admin.logentry", "pk": 100, "fields": {"action_time": "2023-05-28T14:18:52.997Z", "user": 1, "content_type": 8, "object_id": "21", "object_repr": "Cinturon Clip Carhartt, ACC45533", "action_flag": 1, "change_message": "[{\"added\": {}}]"}}, {"model": "admin.logentry", "pk": 101, "fields": {"action_time": "2023-05-28T14:19:29.427Z", "user": 1, "content_type": 6, "object_id": "19", "object_repr": "azul-oscuro", "action_flag": 1, "change_message": "[{\"added\": {}}]"}}, {"model": "admin.logentry", "pk": 102, "fields": {"action_time": "2023-05-28T14:19:31.060Z", "user": 1, "content_type": 8, "object_id": "21", "object_repr": "Cinturon Clip Carhartt, ACC45533", "action_flag": 2, "change_message": "[{\"changed\": {\"fields\": [\"Color(es) del producto\"]}}]"}}, {"model": "admin.logentry", "pk": 103, "fields": {"action_time": "2023-05-28T14:21:35.149Z", "user": 1, "content_type": 6, "object_id": "20", "object_repr": "amarillo", "action_flag": 1, "change_message": "[{\"added\": {}}]"}}, {"model": "admin.logentry", "pk": 104, "fields": {"action_time": "2023-05-28T14:23:03.037Z", "user": 1, "content_type": 8, "object_id": "22", "object_repr": "Gorro Grimey \"Trespass\", ACC34523", "action_flag": 1, "change_message": "[{\"added\": {}}]"}}, {"model": "admin.logentry", "pk": 105, "fields": {"action_time": "2023-05-28T14:26:06.051Z", "user": 1, "content_type": 10, "object_id": "12", "object_repr": "Manga Corta", "action_flag": 1, "change_message": "[{\"added\": {}}]"}}, {"model": "admin.logentry", "pk": 106, "fields": {"action_time": "2023-05-28T14:26:33.528Z", "user": 1, "content_type": 10, "object_id": "13", "object_repr": "Camisetas", "action_flag": 1, "change_message": "[{\"added\": {}}]"}}, {"model": "admin.logentry", "pk": 107, "fields": {"action_time": "2023-05-28T14:26:37.001Z", "user": 1, "content_type": 8, "object_id": "23", "object_repr": "Camiseta HUF Venom Is Back, CAM34566", "action_flag": 1, "change_message": "[{\"added\": {}}]"}}, {"model": "admin.logentry", "pk": 108, "fields": {"action_time": "2023-05-28T14:29:14.497Z", "user": 1, "content_type": 6, "object_id": "21", "object_repr": "verde-oliva", "action_flag": 1, "change_message": "[{\"added\": {}}]"}}, {"model": "admin.logentry", "pk": 109, "fields": {"action_time": "2023-05-28T14:30:05.975Z", "user": 1, "content_type": 6, "object_id": "22", "object_repr": "azul-venecia", "action_flag": 1, "change_message": "[{\"added\": {}}]"}}, {"model": "admin.logentry", "pk": 110, "fields": {"action_time": "2023-05-28T14:30:40.481Z", "user": 1, "content_type": 8, "object_id": "24", "object_repr": "Camiseta Carhartt S/S Crouser, CAM34423", "action_flag": 1, "change_message": "[{\"added\": {}}]"}}, {"model": "admin.logentry", "pk": 111, "fields": {"action_time": "2023-05-28T14:33:51.969Z", "user": 1, "content_type": 8, "object_id": "25", "object_repr": "Carhartt S/S Amble Polo, SUP34234", "action_flag": 1, "change_message": "[{\"added\": {}}]"}}, {"model": "admin.logentry", "pk": 112, "fields": {"action_time": "2023-05-28T14:34:48.251Z", "user": 1, "content_type": 6, "object_id": "23", "object_repr": "azul-menta", "action_flag": 1, "change_message": "[{\"added\": {}}]"}}, {"model": "admin.logentry", "pk": 113, "fields": {"action_time": "2023-05-28T14:35:17.438Z", "user": 1, "content_type": 6, "object_id": "24", "object_repr": "azul-profundo", "action_flag": 1, "change_message": "[{\"added\": {}}]"}}, {"model": "admin.logentry", "pk": 114, "fields": {"action_time": "2023-05-28T14:35:19.670Z", "user": 1, "content_type": 8, "object_id": "25", "object_repr": "Carhartt S/S Amble Polo, SUP34234", "action_flag": 2, "change_message": "[{\"changed\": {\"fields\": [\"Color(es) del producto\"]}}]"}}, {"model": "admin.logentry", "pk": 115, "fields": {"action_time": "2023-05-28T14:40:02.205Z", "user": 1, "content_type": 6, "object_id": "25", "object_repr": "azul-turquesa", "action_flag": 1, "change_message": "[{\"added\": {}}]"}}, {"model": "admin.logentry", "pk": 116, "fields": {"action_time": "2023-05-28T14:40:16.292Z", "user": 1, "content_type": 8, "object_id": "26", "object_repr": "Camiseta Rip N Dip Mona Lisa, CAM42567", "action_flag": 1, "change_message": "[{\"added\": {}}]"}}, {"model": "admin.logentry", "pk": 117, "fields": {"action_time": "2023-05-28T14:41:08.884Z", "user": 1, "content_type": 6, "object_id": "26", "object_repr": "verde-claro", "action_flag": 1, "change_message": "[{\"added\": {}}]"}}, {"model": "admin.logentry", "pk": 118, "fields": {"action_time": "2023-05-28T14:41:22.387Z", "user": 1, "content_type": 8, "object_id": "26", "object_repr": "Camiseta Rip N Dip Mona Lisa, CAM42567", "action_flag": 2, "change_message": "[{\"changed\": {\"fields\": [\"Color(es) del producto\"]}}]"}}, {"model": "admin.logentry", "pk": 119, "fields": {"action_time": "2023-05-28T14:41:39.009Z", "user": 1, "content_type": 8, "object_id": "26", "object_repr": "Camiseta Rip N Dip Mona Lisa, CAM42567", "action_flag": 2, "change_message": "[{\"changed\": {\"fields\": [\"Color(es) del producto\"]}}]"}}, {"model": "admin.logentry", "pk": 120, "fields": {"action_time": "2023-05-28T14:44:27.280Z", "user": 1, "content_type": 6, "object_id": "27", "object_repr": "gris-claro", "action_flag": 1, "change_message": "[{\"added\": {}}]"}}, {"model": "admin.logentry", "pk": 121, "fields": {"action_time": "2023-05-28T14:44:47.990Z", "user": 1, "content_type": 10, "object_id": "14", "object_repr": "Sudaderas", "action_flag": 1, "change_message": "[{\"added\": {}}]"}}, {"model": "admin.logentry", "pk": 122, "fields": {"action_time": "2023-05-28T14:44:48.974Z", "user": 1, "content_type": 8, "object_id": "27", "object_repr": "Sudadera Heart Sweat, SUD45213", "action_flag": 1, "change_message": "[{\"added\": {}}]"}}, {"model": "admin.logentry", "pk": 123, "fields": {"action_time": "2023-05-28T14:48:14.100Z", "user": 1, "content_type": 6, "object_id": "28", "object_repr": "verde-pino", "action_flag": 1, "change_message": "[{\"added\": {}}]"}}, {"model": "admin.logentry", "pk": 124, "fields": {"action_time": "2023-05-28T14:48:42.680Z", "user": 1, "content_type": 8, "object_id": "28", "object_repr": "Sudadera Rip N Dip Mona Lisa, SUD32451", "action_flag": 1, "change_message": "[{\"added\": {}}]"}}, {"model": "admin.logentry", "pk": 125, "fields": {"action_time": "2023-05-28T14:51:10.972Z", "user": 1, "content_type": 6, "object_id": "29", "object_repr": "rosa", "action_flag": 1, "change_message": "[{\"added\": {}}]"}}, {"model": "admin.logentry", "pk": 126, "fields": {"action_time": "2023-05-28T14:51:38.566Z", "user": 1, "content_type": 8, "object_id": "29", "object_repr": "Sudadera cuello redondo adidas Rekive, SUD34212", "action_flag": 1, "change_message": "[{\"added\": {}}]"}}, {"model": "admin.logentry", "pk": 127, "fields": {"action_time": "2023-05-28T14:55:35.328Z", "user": 1, "content_type": 8, "object_id": "30", "object_repr": "Sudadera HUF x Goodyear Team Huf Crewneck, SUD12093", "action_flag": 1, "change_message": "[{\"added\": {}}]"}}, {"model": "admin.logentry", "pk": 128, "fields": {"action_time": "2023-05-28T14:57:09.772Z", "user": 1, "content_type": 11, "object_id": "5", "object_repr": "Sudadera HUF x Goodyear Team Huf Crewneck, SUD12093. Talla XL, 2 uds.", "action_flag": 1, "change_message": "[{\"added\": {}}]"}}, {"model": "admin.logentry", "pk": 129, "fields": {"action_time": "2023-05-28T14:57:19.984Z", "user": 1, "content_type": 9, "object_id": "3", "object_repr": "L", "action_flag": 1, "change_message": "[{\"added\": {}}]"}}, {"model": "admin.logentry", "pk": 130, "fields": {"action_time": "2023-05-28T14:57:23.957Z", "user": 1, "content_type": 11, "object_id": "6", "object_repr": "Sudadera HUF x Goodyear Team Huf Crewneck, SUD12093. Talla L, 5 uds.", "action_flag": 1, "change_message": "[{\"added\": {}}]"}}, {"model": "admin.logentry", "pk": 131, "fields": {"action_time": "2023-05-28T14:57:35.976Z", "user": 1, "content_type": 9, "object_id": "4", "object_repr": "M", "action_flag": 1, "change_message": "[{\"added\": {}}]"}}, {"model": "admin.logentry", "pk": 132, "fields": {"action_time": "2023-05-28T14:57:41.633Z", "user": 1, "content_type": 11, "object_id": "7", "object_repr": "Sudadera cuello redondo adidas Rekive, SUD34212. Talla M, 6 uds.", "action_flag": 1, "change_message": "[{\"added\": {}}]"}}, {"model": "admin.logentry", "pk": 133, "fields": {"action_time": "2023-05-28T14:57:51.964Z", "user": 1, "content_type": 11, "object_id": "8", "object_repr": "Sudadera Rip N Dip Mona Lisa, SUD32451. Talla XL, 2 uds.", "action_flag": 1, "change_message": "[{\"added\": {}}]"}}, {"model": "admin.logentry", "pk": 134, "fields": {"action_time": "2023-05-28T14:58:00.347Z", "user": 1, "content_type": 9, "object_id": "5", "object_repr": "S", "action_flag": 1, "change_message": "[{\"added\": {}}]"}}, {"model": "admin.logentry", "pk": 135, "fields": {"action_time": "2023-05-28T14:58:42.407Z", "user": 1, "content_type": 11, "object_id": "9", "object_repr": "Sudadera Rip N Dip Mona Lisa, SUD32451. Talla S, 7 uds.", "action_flag": 1, "change_message": "[{\"added\": {}}]"}}, {"model": "admin.logentry", "pk": 136, "fields": {"action_time": "2023-05-28T14:58:59.354Z", "user": 1, "content_type": 11, "object_id": "9", "object_repr": "Sudadera Rip N Dip Mona Lisa, SUD32451. Talla S, 7 uds.", "action_flag": 2, "change_message": "[]"}}, {"model": "admin.logentry", "pk": 137, "fields": {"action_time": "2023-05-28T14:59:15.715Z", "user": 1, "content_type": 9, "object_id": "6", "object_repr": "42", "action_flag": 1, "change_message": "[{\"added\": {}}]"}}, {"model": "admin.logentry", "pk": 138, "fields": {"action_time": "2023-05-28T14:59:18.316Z", "user": 1, "content_type": 11, "object_id": "10", "object_repr": "Adidas Samba, ZAP47586. Talla 42, 3 uds.", "action_flag": 1, "change_message": "[{\"added\": {}}]"}}, {"model": "admin.logentry", "pk": 139, "fields": {"action_time": "2023-05-28T14:59:30.362Z", "user": 1, "content_type": 9, "object_id": "7", "object_repr": "44", "action_flag": 1, "change_message": "[{\"added\": {}}]"}}, {"model": "admin.logentry", "pk": 140, "fields": {"action_time": "2023-05-28T14:59:34.196Z", "user": 1, "content_type": 11, "object_id": "11", "object_repr": "Nike Air Force 1 Low Purple Skeleton Halloween 2021, ZAP23459. Talla 44, 8 uds.", "action_flag": 1, "change_message": "[{\"added\": {}}]"}}, {"model": "admin.logentry", "pk": 141, "fields": {"action_time": "2023-05-28T14:59:46.103Z", "user": 1, "content_type": 11, "object_id": "12", "object_repr": "Vaquero Grimey SNOW FOX, PAN23681. Talla M, 4 uds.", "action_flag": 1, "change_message": "[{\"added\": {}}]"}}, {"model": "admin.logentry", "pk": 142, "fields": {"action_time": "2023-05-28T14:59:56.834Z", "user": 1, "content_type": 11, "object_id": "13", "object_repr": "Carhartt Nash DK Pant, PAN23980. Talla XL, 9 uds.", "action_flag": 1, "change_message": "[{\"added\": {}}]"}}, {"model": "admin.logentry", "pk": 143, "fields": {"action_time": "2023-05-28T15:00:12.222Z", "user": 1, "content_type": 9, "object_id": "8", "object_repr": "41", "action_flag": 1, "change_message": "[{\"added\": {}}]"}}, {"model": "admin.logentry", "pk": 144, "fields": {"action_time": "2023-05-28T15:00:17.786Z", "user": 1, "content_type": 11, "object_id": "14", "object_repr": "Adidas Samba, ZAP47586. Talla 41, 12 uds.", "action_flag": 1, "change_message": "[{\"added\": {}}]"}}, {"model": "admin.logentry", "pk": 145, "fields": {"action_time": "2023-05-28T15:00:36.350Z", "user": 1, "content_type": 11, "object_id": "15", "object_repr": "Rip N Dip Skelly Nerm Black Wash, PAN76904. Talla M, 4 uds.", "action_flag": 1, "change_message": "[{\"added\": {}}]"}}, {"model": "admin.logentry", "pk": 146, "fields": {"action_time": "2023-05-28T15:00:46.764Z", "user": 1, "content_type": 11, "object_id": "16", "object_repr": "Carhartt Landon Short, PAN56124. Talla L, 14 uds.", "action_flag": 1, "change_message": "[{\"added\": {}}]"}}, {"model": "admin.logentry", "pk": 147, "fields": {"action_time": "2023-05-28T15:00:59.711Z", "user": 1, "content_type": 11, "object_id": "17", "object_repr": "Chandal HUF Amazing Spider-Man, PAN05623. Talla XL, 16 uds.", "action_flag": 1, "change_message": "[{\"added\": {}}]"}}, {"model": "admin.logentry", "pk": 148, "fields": {"action_time": "2023-05-28T15:01:28.300Z", "user": 1, "content_type": 9, "object_id": "9", "object_repr": "Talla Unica", "action_flag": 1, "change_message": "[{\"added\": {}}]"}}, {"model": "admin.logentry", "pk": 149, "fields": {"action_time": "2023-05-28T15:01:36.163Z", "user": 1, "content_type": 11, "object_id": "18", "object_repr": "Collar de plata Rip N Dip, ACC09323. Talla Talla Unica, 14 uds.", "action_flag": 1, "change_message": "[{\"added\": {}}]"}}, {"model": "admin.logentry", "pk": 150, "fields": {"action_time": "2023-05-28T15:01:59.205Z", "user": 1, "content_type": 11, "object_id": "19", "object_repr": "Cinturon Clip Carhartt, ACC45533. Talla Talla Unica, 5 uds.", "action_flag": 1, "change_message": "[{\"added\": {}}]"}}, {"model": "admin.logentry", "pk": 151, "fields": {"action_time": "2023-05-28T15:02:13.283Z", "user": 1, "content_type": 11, "object_id": "20", "object_repr": "Camiseta Carhartt S/S Crouser, CAM34423. Talla XL, 18 uds.", "action_flag": 1, "change_message": "[{\"added\": {}}]"}}, {"model": "admin.logentry", "pk": 152, "fields": {"action_time": "2023-05-28T15:02:26.054Z", "user": 1, "content_type": 11, "object_id": "21", "object_repr": "Carhartt S/S Amble Polo, SUP34234. Talla M, 16 uds.", "action_flag": 1, "change_message": "[{\"added\": {}}]"}}, {"model": "admin.logentry", "pk": 153, "fields": {"action_time": "2023-05-28T15:02:52.739Z", "user": 1, "content_type": 11, "object_id": "22", "object_repr": "Calzoncillos Rip N Dip, ACC83942. Talla M, 5 uds.", "action_flag": 1, "change_message": "[{\"added\": {}}]"}}, {"model": "admin.logentry", "pk": 154, "fields": {"action_time": "2023-05-28T15:04:11.947Z", "user": 1, "content_type": 11, "object_id": "23", "object_repr": "Gorra Grimey \"Gem Cutting\" 5 Panels, ACC45632. Talla Talla Unica, 23 uds.", "action_flag": 1, "change_message": "[{\"added\": {}}]"}}, {"model": "auth.permission", "pk": 1, "fields": {"name": "Can add user dashboard module", "content_type": 1, "codename": "add_userdashboardmodule"}}, {"model": "auth.permission", "pk": 2, "fields": {"name": "Can change user dashboard module", "content_type": 1, "codename": "change_userdashboardmodule"}}, {"model": "auth.permission", "pk": 3, "fields": {"name": "Can delete user dashboard module", "content_type": 1, "codename": "delete_userdashboardmodule"}}, {"model": "auth.permission", "pk": 4, "fields": {"name": "Can view user dashboard module", "content_type": 1, "codename": "view_userdashboardmodule"}}, {"model": "auth.permission", "pk": 5, "fields": {"name": "Can add bookmark", "content_type": 2, "codename": "add_bookmark"}}, {"model": "auth.permission", "pk": 6, "fields": {"name": "Can change bookmark", "content_type": 2, "codename": "change_bookmark"}}, {"model": "auth.permission", "pk": 7, "fields": {"name": "Can delete bookmark", "content_type": 2, "codename": "delete_bookmark"}}, {"model": "auth.permission", "pk": 8, "fields": {"name": "Can view bookmark", "content_type": 2, "codename": "view_bookmark"}}, {"model": "auth.permission", "pk": 9, "fields": {"name": "Can add pinned application", "content_type": 3, "codename": "add_pinnedapplication"}}, {"model": "auth.permission", "pk": 10, "fields": {"name": "Can change pinned application", "content_type": 3, "codename": "change_pinnedapplication"}}, {"model": "auth.permission", "pk": 11, "fields": {"name": "Can delete pinned application", "content_type": 3, "codename": "delete_pinnedapplication"}}, {"model": "auth.permission", "pk": 12, "fields": {"name": "Can view pinned application", "content_type": 3, "codename": "view_pinnedapplication"}}, {"model": "auth.permission", "pk": 13, "fields": {"name": "Can add Ajuste de la Prenda", "content_type": 4, "codename": "add_ajuste"}}, {"model": "auth.permission", "pk": 14, "fields": {"name": "Can change Ajuste de la Prenda", "content_type": 4, "codename": "change_ajuste"}}, {"model": "auth.permission", "pk": 15, "fields": {"name": "Can delete Ajuste de la Prenda", "content_type": 4, "codename": "delete_ajuste"}}, {"model": "auth.permission", "pk": 16, "fields": {"name": "Can view Ajuste de la Prenda", "content_type": 4, "codename": "view_ajuste"}}, {"model": "auth.permission", "pk": 17, "fields": {"name": "Can add categoria", "content_type": 5, "codename": "add_categoria"}}, {"model": "auth.permission", "pk": 18, "fields": {"name": "Can change categoria", "content_type": 5, "codename": "change_categoria"}}, {"model": "auth.permission", "pk": 19, "fields": {"name": "Can delete categoria", "content_type": 5, "codename": "delete_categoria"}}, {"model": "auth.permission", "pk": 20, "fields": {"name": "Can view categoria", "content_type": 5, "codename": "view_categoria"}}, {"model": "auth.permission", "pk": 21, "fields": {"name": "Can add Color", "content_type": 6, "codename": "add_color"}}, {"model": "auth.permission", "pk": 22, "fields": {"name": "Can change Color", "content_type": 6, "codename": "change_color"}}, {"model": "auth.permission", "pk": 23, "fields": {"name": "Can delete Color", "content_type": 6, "codename": "delete_color"}}, {"model": "auth.permission", "pk": 24, "fields": {"name": "Can view Color", "content_type": 6, "codename": "view_color"}}, {"model": "auth.permission", "pk": 25, "fields": {"name": "Can add marca", "content_type": 7, "codename": "add_marca"}}, {"model": "auth.permission", "pk": 26, "fields": {"name": "Can change marca", "content_type": 7, "codename": "change_marca"}}, {"model": "auth.permission", "pk": 27, "fields": {"name": "Can delete marca", "content_type": 7, "codename": "delete_marca"}}, {"model": "auth.permission", "pk": 28, "fields": {"name": "Can view marca", "content_type": 7, "codename": "view_marca"}}, {"model": "auth.permission", "pk": 29, "fields": {"name": "Can add producto", "content_type": 8, "codename": "add_producto"}}, {"model": "auth.permission", "pk": 30, "fields": {"name": "Can change producto", "content_type": 8, "codename": "change_producto"}}, {"model": "auth.permission", "pk": 31, "fields": {"name": "Can delete producto", "content_type": 8, "codename": "delete_producto"}}, {"model": "auth.permission", "pk": 32, "fields": {"name": "Can view producto", "content_type": 8, "codename": "view_producto"}}, {"model": "auth.permission", "pk": 33, "fields": {"name": "Can add talla", "content_type": 9, "codename": "add_talla"}}, {"model": "auth.permission", "pk": 34, "fields": {"name": "Can change talla", "content_type": 9, "codename": "change_talla"}}, {"model": "auth.permission", "pk": 35, "fields": {"name": "Can delete talla", "content_type": 9, "codename": "delete_talla"}}, {"model": "auth.permission", "pk": 36, "fields": {"name": "Can view talla", "content_type": 9, "codename": "view_talla"}}, {"model": "auth.permission", "pk": 37, "fields": {"name": "Can add Tipo de Prenda", "content_type": 10, "codename": "add_tipo_prenda"}}, {"model": "auth.permission", "pk": 38, "fields": {"name": "Can change Tipo de Prenda", "content_type": 10, "codename": "change_tipo_prenda"}}, {"model": "auth.permission", "pk": 39, "fields": {"name": "Can delete Tipo de Prenda", "content_type": 10, "codename": "delete_tipo_prenda"}}, {"model": "auth.permission", "pk": 40, "fields": {"name": "Can view Tipo de Prenda", "content_type": 10, "codename": "view_tipo_prenda"}}, {"model": "auth.permission", "pk": 41, "fields": {"name": "Can add Inventario", "content_type": 11, "codename": "add_producto_talla"}}, {"model": "auth.permission", "pk": 42, "fields": {"name": "Can change Inventario", "content_type": 11, "codename": "change_producto_talla"}}, {"model": "auth.permission", "pk": 43, "fields": {"name": "Can delete Inventario", "content_type": 11, "codename": "delete_producto_talla"}}, {"model": "auth.permission", "pk": 44, "fields": {"name": "Can view Inventario", "content_type": 11, "codename": "view_producto_talla"}}, {"model": "auth.permission", "pk": 45, "fields": {"name": "Can add Usuario", "content_type": 12, "codename": "add_custom_user"}}, {"model": "auth.permission", "pk": 46, "fields": {"name": "Can change Usuario", "content_type": 12, "codename": "change_custom_user"}}, {"model": "auth.permission", "pk": 47, "fields": {"name": "Can delete Usuario", "content_type": 12, "codename": "delete_custom_user"}}, {"model": "auth.permission", "pk": 48, "fields": {"name": "Can view Usuario", "content_type": 12, "codename": "view_custom_user"}}, {"model": "auth.permission", "pk": 49, "fields": {"name": "Can add carrito", "content_type": 13, "codename": "add_carrito"}}, {"model": "auth.permission", "pk": 50, "fields": {"name": "Can change carrito", "content_type": 13, "codename": "change_carrito"}}, {"model": "auth.permission", "pk": 51, "fields": {"name": "Can delete carrito", "content_type": 13, "codename": "delete_carrito"}}, {"model": "auth.permission", "pk": 52, "fields": {"name": "Can view carrito", "content_type": 13, "codename": "view_carrito"}}, {"model": "auth.permission", "pk": 53, "fields": {"name": "Can add Categoría de Usuario", "content_type": 14, "codename": "add_categoria_usuario"}}, {"model": "auth.permission", "pk": 54, "fields": {"name": "Can change Categoría de Usuario", "content_type": 14, "codename": "change_categoria_usuario"}}, {"model": "auth.permission", "pk": 55, "fields": {"name": "Can delete Categoría de Usuario", "content_type": 14, "codename": "delete_categoria_usuario"}}, {"model": "auth.permission", "pk": 56, "fields": {"name": "Can view Categoría de Usuario", "content_type": 14, "codename": "view_categoria_usuario"}}, {"model": "auth.permission", "pk": 57, "fields": {"name": "Can add Petición", "content_type": 15, "codename": "add_peticiones"}}, {"model": "auth.permission", "pk": 58, "fields": {"name": "Can change Petición", "content_type": 15, "codename": "change_peticiones"}}, {"model": "auth.permission", "pk": 59, "fields": {"name": "Can delete Petición", "content_type": 15, "codename": "delete_peticiones"}}, {"model": "auth.permission", "pk": 60, "fields": {"name": "Can view Petición", "content_type": 15, "codename": "view_peticiones"}}, {"model": "auth.permission", "pk": 61, "fields": {"name": "Can add Lista de Deseos", "content_type": 16, "codename": "add_lista_deseos"}}, {"model": "auth.permission", "pk": 62, "fields": {"name": "Can change Lista de Deseos", "content_type": 16, "codename": "change_lista_deseos"}}, {"model": "auth.permission", "pk": 63, "fields": {"name": "Can delete Lista de Deseos", "content_type": 16, "codename": "delete_lista_deseos"}}, {"model": "auth.permission", "pk": 64, "fields": {"name": "Can view Lista de Deseos", "content_type": 16, "codename": "view_lista_deseos"}}, {"model": "auth.permission", "pk": 65, "fields": {"name": "Can add Dirección", "content_type": 17, "codename": "add_direccion"}}, {"model": "auth.permission", "pk": 66, "fields": {"name": "Can change Dirección", "content_type": 17, "codename": "change_direccion"}}, {"model": "auth.permission", "pk": 67, "fields": {"name": "Can delete Dirección", "content_type": 17, "codename": "delete_direccion"}}, {"model": "auth.permission", "pk": 68, "fields": {"name": "Can view Dirección", "content_type": 17, "codename": "view_direccion"}}, {"model": "auth.permission", "pk": 69, "fields": {"name": "Can add comentario", "content_type": 18, "codename": "add_comentario"}}, {"model": "auth.permission", "pk": 70, "fields": {"name": "Can change comentario", "content_type": 18, "codename": "change_comentario"}}, {"model": "auth.permission", "pk": 71, "fields": {"name": "Can delete comentario", "content_type": 18, "codename": "delete_comentario"}}, {"model": "auth.permission", "pk": 72, "fields": {"name": "Can view comentario", "content_type": 18, "codename": "view_comentario"}}, {"model": "auth.permission", "pk": 73, "fields": {"name": "Can add Producto del Carrito", "content_type": 19, "codename": "add_carrito_productos"}}, {"model": "auth.permission", "pk": 74, "fields": {"name": "Can change Producto del Carrito", "content_type": 19, "codename": "change_carrito_productos"}}, {"model": "auth.permission", "pk": 75, "fields": {"name": "Can delete Producto del Carrito", "content_type": 19, "codename": "delete_carrito_productos"}}, {"model": "auth.permission", "pk": 76, "fields": {"name": "Can view Producto del Carrito", "content_type": 19, "codename": "view_carrito_productos"}}, {"model": "auth.permission", "pk": 77, "fields": {"name": "Can add Estado del Pedido", "content_type": 20, "codename": "add_estado_pedido"}}, {"model": "auth.permission", "pk": 78, "fields": {"name": "Can change Estado del Pedido", "content_type": 20, "codename": "change_estado_pedido"}}, {"model": "auth.permission", "pk": 79, "fields": {"name": "Can delete Estado del Pedido", "content_type": 20, "codename": "delete_estado_pedido"}}, {"model": "auth.permission", "pk": 80, "fields": {"name": "Can view Estado del Pedido", "content_type": 20, "codename": "view_estado_pedido"}}, {"model": "auth.permission", "pk": 81, "fields": {"name": "Can add pedido", "content_type": 21, "codename": "add_pedido"}}, {"model": "auth.permission", "pk": 82, "fields": {"name": "Can change pedido", "content_type": 21, "codename": "change_pedido"}}, {"model": "auth.permission", "pk": 83, "fields": {"name": "Can delete pedido", "content_type": 21, "codename": "delete_pedido"}}, {"model": "auth.permission", "pk": 84, "fields": {"name": "Can view pedido", "content_type": 21, "codename": "view_pedido"}}, {"model": "auth.permission", "pk": 85, "fields": {"name": "Can add Productos en Pedidos", "content_type": 22, "codename": "add_pedido_producto"}}, {"model": "auth.permission", "pk": 86, "fields": {"name": "Can change Productos en Pedidos", "content_type": 22, "codename": "change_pedido_producto"}}, {"model": "auth.permission", "pk": 87, "fields": {"name": "Can delete Productos en Pedidos", "content_type": 22, "codename": "delete_pedido_producto"}}, {"model": "auth.permission", "pk": 88, "fields": {"name": "Can view Productos en Pedidos", "content_type": 22, "codename": "view_pedido_producto"}}, {"model": "auth.permission", "pk": 89, "fields": {"name": "Can add log entry", "content_type": 23, "codename": "add_logentry"}}, {"model": "auth.permission", "pk": 90, "fields": {"name": "Can change log entry", "content_type": 23, "codename": "change_logentry"}}, {"model": "auth.permission", "pk": 91, "fields": {"name": "Can delete log entry", "content_type": 23, "codename": "delete_logentry"}}, {"model": "auth.permission", "pk": 92, "fields": {"name": "Can view log entry", "content_type": 23, "codename": "view_logentry"}}, {"model": "auth.permission", "pk": 93, "fields": {"name": "Can add permission", "content_type": 24, "codename": "add_permission"}}, {"model": "auth.permission", "pk": 94, "fields": {"name": "Can change permission", "content_type": 24, "codename": "change_permission"}}, {"model": "auth.permission", "pk": 95, "fields": {"name": "Can delete permission", "content_type": 24, "codename": "delete_permission"}}, {"model": "auth.permission", "pk": 96, "fields": {"name": "Can view permission", "content_type": 24, "codename": "view_permission"}}, {"model": "auth.permission", "pk": 97, "fields": {"name": "Can add group", "content_type": 25, "codename": "add_group"}}, {"model": "auth.permission", "pk": 98, "fields": {"name": "Can change group", "content_type": 25, "codename": "change_group"}}, {"model": "auth.permission", "pk": 99, "fields": {"name": "Can delete group", "content_type": 25, "codename": "delete_group"}}, {"model": "auth.permission", "pk": 100, "fields": {"name": "Can view group", "content_type": 25, "codename": "view_group"}}, {"model": "auth.permission", "pk": 101, "fields": {"name": "Can add content type", "content_type": 26, "codename": "add_contenttype"}}, {"model": "auth.permission", "pk": 102, "fields": {"name": "Can change content type", "content_type": 26, "codename": "change_contenttype"}}, {"model": "auth.permission", "pk": 103, "fields": {"name": "Can delete content type", "content_type": 26, "codename": "delete_contenttype"}}, {"model": "auth.permission", "pk": 104, "fields": {"name": "Can view content type", "content_type": 26, "codename": "view_contenttype"}}, {"model": "auth.permission", "pk": 105, "fields": {"name": "Can add session", "content_type": 27, "codename": "add_session"}}, {"model": "auth.permission", "pk": 106, "fields": {"name": "Can change session", "content_type": 27, "codename": "change_session"}}, {"model": "auth.permission", "pk": 107, "fields": {"name": "Can delete session", "content_type": 27, "codename": "delete_session"}}, {"model": "auth.permission", "pk": 108, "fields": {"name": "Can view session", "content_type": 27, "codename": "view_session"}}, {"model": "auth.permission", "pk": 109, "fields": {"name": "Can add Producto destacado", "content_type": 28, "codename": "add_producto_destacado"}}, {"model": "auth.permission", "pk": 110, "fields": {"name": "Can change Producto destacado", "content_type": 28, "codename": "change_producto_destacado"}}, {"model": "auth.permission", "pk": 111, "fields": {"name": "Can delete Producto destacado", "content_type": 28, "codename": "delete_producto_destacado"}}, {"model": "auth.permission", "pk": 112, "fields": {"name": "Can view Producto destacado", "content_type": 28, "codename": "view_producto_destacado"}}, {"model": "contenttypes.contenttype", "pk": 1, "fields": {"app_label": "dashboard", "model": "userdashboardmodule"}}, {"model": "contenttypes.contenttype", "pk": 2, "fields": {"app_label": "jet", "model": "bookmark"}}, {"model": "contenttypes.contenttype", "pk": 3, "fields": {"app_label": "jet", "model": "pinnedapplication"}}, {"model": "contenttypes.contenttype", "pk": 4, "fields": {"app_label": "productos", "model": "ajuste"}}, {"model": "contenttypes.contenttype", "pk": 5, "fields": {"app_label": "productos", "model": "categoria"}}, {"model": "contenttypes.contenttype", "pk": 6, "fields": {"app_label": "productos", "model": "color"}}, {"model": "contenttypes.contenttype", "pk": 7, "fields": {"app_label": "productos", "model": "marca"}}, {"model": "contenttypes.contenttype", "pk": 8, "fields": {"app_label": "productos", "model": "producto"}}, {"model": "contenttypes.contenttype", "pk": 9, "fields": {"app_label": "productos", "model": "talla"}}, {"model": "contenttypes.contenttype", "pk": 10, "fields": {"app_label": "productos", "model": "tipo_prenda"}}, {"model": "contenttypes.contenttype", "pk": 11, "fields": {"app_label": "productos", "model": "producto_talla"}}, {"model": "contenttypes.contenttype", "pk": 12, "fields": {"app_label": "usuarios", "model": "custom_user"}}, {"model": "contenttypes.contenttype", "pk": 13, "fields": {"app_label": "usuarios", "model": "carrito"}}, {"model": "contenttypes.contenttype", "pk": 14, "fields": {"app_label": "usuarios", "model": "categoria_usuario"}}, {"model": "contenttypes.contenttype", "pk": 15, "fields": {"app_label": "usuarios", "model": "peticiones"}}, {"model": "contenttypes.contenttype", "pk": 16, "fields": {"app_label": "usuarios", "model": "lista_deseos"}}, {"model": "contenttypes.contenttype", "pk": 17, "fields": {"app_label": "usuarios", "model": "direccion"}}, {"model": "contenttypes.contenttype", "pk": 18, "fields": {"app_label": "usuarios", "model": "comentario"}}, {"model": "contenttypes.contenttype", "pk": 19, "fields": {"app_label": "usuarios", "model": "carrito_productos"}}, {"model": "contenttypes.contenttype", "pk": 20, "fields": {"app_label": "pedidos", "model": "estado_pedido"}}, {"model": "contenttypes.contenttype", "pk": 21, "fields": {"app_label": "pedidos", "model": "pedido"}}, {"model": "contenttypes.contenttype", "pk": 22, "fields": {"app_label": "pedidos", "model": "pedido_producto"}}, {"model": "contenttypes.contenttype", "pk": 23, "fields": {"app_label": "admin", "model": "logentry"}}, {"model": "contenttypes.contenttype", "pk": 24, "fields": {"app_label": "auth", "model": "permission"}}, {"model": "contenttypes.contenttype", "pk": 25, "fields": {"app_label": "auth", "model": "group"}}, {"model": "contenttypes.contenttype", "pk": 26, "fields": {"app_label": "contenttypes", "model": "contenttype"}}, {"model": "contenttypes.contenttype", "pk": 27, "fields": {"app_label": "sessions", "model": "session"}}, {"model": "contenttypes.contenttype", "pk": 28, "fields": {"app_label": "productos", "model": "producto_destacado"}}, {"model": "sessions.session", "pk": "jy8rabmv98wtar7gfqkttlf87e90r7fq", "fields": {"session_data": ".eJxVjMEOwiAQRP-FsyGuBbbr0Xu_gVB2kaqBpLQn47_bJj3oZTKZNzNv5cO6ZL82mf3E6qpAnX6zMcSnlB3wI5R71bGWZZ5GvVf0QZseKsvrdnT_DnJoeVt3zjFEJDQ2BnZsABFcMhdHkOzmobeAguduk5GJqLcdRSHHScSi-nwBtQc27w:1q1PWn:-DXSLMK2QKPNwvYBj_2Trt1kOESgtFNmLb5QWP1j1t8", "expire_date": "2023-06-06T10:46:05.628Z"}}]